timestamp_ms,frame,left_ear,left_ear_smooth,left_state,right_ear,right_ear_smooth,right_state,avg_ear,avg_ear_smooth,blink_count,left_winks,right_winks,threshold
337279648,2,0.31,0.31,OPEN,0.3,0.3,OPEN,0.305,0.305,0,0,0,0.21
337279696,3,0.31,0.31,OPEN,0.3,0.3,OPEN,0.305,0.305,0,0,0,0.21
337279748,4,0.26,0.293,OPEN,0.234,0.278,OPEN,0.247,0.285,0,0,0,0.21
337279777,5,0.05,0.233,OPEN,0.048,0.221,OPEN,0.049,0.227,0,0,0,0.21
337279821,6,0.016,0.189,CLOSED,0.0,0.176,CLOSED,0.008,0.182,0,0,0,0.21
337279864,7,0.05,0.137,CLOSED,0.097,0.136,CLOSED,0.074,0.137,0,0,0,0.21
337279907,8,0.191,0.113,CLOSED,0.177,0.111,CLOSED,0.184,0.112,0,0,0,0.21
337280020,9,0.277,0.117,CLOSED,0.276,0.12,CLOSED,0.277,0.118,0,0,0,0.21
337280080,10,0.311,0.169,CLOSED,0.29,0.168,CLOSED,0.3,0.169,0,0,0,0.21
337280124,11,0.329,0.232,OPEN,0.317,0.231,OPEN,0.323,0.232,1,0,0,0.21
337280171,12,0.318,0.285,OPEN,0.307,0.273,OPEN,0.312,0.279,1,0,0,0.21
337280217,13,0.329,0.313,OPEN,0.306,0.299,OPEN,0.318,0.306,1,0,0,0.21
337280266,14,0.329,0.323,OPEN,0.322,0.308,OPEN,0.326,0.316,1,0,0,0.21
337280297,15,0.328,0.327,OPEN,0.29,0.308,OPEN,0.309,0.318,1,0,0,0.21
337280348,16,0.322,0.325,OPEN,0.306,0.306,OPEN,0.314,0.316,1,0,0,0.21
337280392,17,0.294,0.32,OPEN,0.306,0.306,OPEN,0.3,0.313,1,0,0,0.21
337280435,18,0.34,0.323,OPEN,0.323,0.309,OPEN,0.332,0.316,1,0,0,0.21
337280479,19,0.329,0.323,OPEN,0.306,0.306,OPEN,0.318,0.315,1,0,0,0.21
337280515,20,0.329,0.323,OPEN,0.306,0.309,OPEN,0.318,0.316,1,0,0,0.21
337280558,21,0.322,0.323,OPEN,0.306,0.309,OPEN,0.314,0.316,1,0,0,0.21
337280602,22,0.341,0.332,OPEN,0.333,0.315,OPEN,0.337,0.324,1,0,0,0.21
337280647,23,0.323,0.329,OPEN,0.333,0.317,OPEN,0.328,0.323,1,0,0,0.21
337280696,24,0.359,0.335,OPEN,0.334,0.322,OPEN,0.347,0.329,1,0,0,0.21
337280736,25,0.358,0.341,OPEN,0.333,0.328,OPEN,0.346,0.335,1,0,0,0.21
337280781,26,0.34,0.344,OPEN,0.333,0.333,OPEN,0.337,0.339,1,0,0,0.21
337280821,27,0.34,0.344,OPEN,0.322,0.331,OPEN,0.331,0.338,1,0,0,0.21
337280867,28,0.358,0.351,OPEN,0.322,0.329,OPEN,0.34,0.34,1,0,0,0.21
337280910,29,0.346,0.348,OPEN,0.322,0.326,OPEN,0.334,0.337,1,0,0,0.21
337280952,30,0.312,0.339,OPEN,0.322,0.324,OPEN,0.317,0.332,1,0,0,0.21
337280996,31,0.329,0.337,OPEN,0.322,0.322,OPEN,0.326,0.33,1,0,0,0.21
337281036,32,0.318,0.333,OPEN,0.323,0.322,OPEN,0.321,0.328,1,0,0,0.21
337281081,33,0.329,0.327,OPEN,0.312,0.32,OPEN,0.321,0.324,1,0,0,0.21
337281125,34,0.329,0.323,OPEN,0.312,0.318,OPEN,0.321,0.321,1,0,0,0.21
337281170,35,0.329,0.327,OPEN,0.323,0.318,OPEN,0.326,0.323,1,0,0,0.21
337281209,36,0.318,0.325,OPEN,0.323,0.319,OPEN,0.321,0.322,1,0,0,0.21
337281255,37,0.317,0.324,OPEN,0.323,0.319,OPEN,0.32,0.322,1,0,0,0.21
337281296,38,0.346,0.328,OPEN,0.322,0.321,OPEN,0.334,0.325,1,0,0,0.21
337281340,39,0.318,0.326,OPEN,0.305,0.319,OPEN,0.311,0.323,1,0,0,0.21
337281384,40,0.318,0.323,OPEN,0.296,0.314,OPEN,0.307,0.319,1,0,0,0.21
337281431,41,0.318,0.323,OPEN,0.321,0.313,OPEN,0.32,0.318,1,0,0,0.21
337281476,42,0.308,0.322,OPEN,0.305,0.31,OPEN,0.306,0.316,1,0,0,0.21
337281516,43,0.318,0.316,OPEN,0.306,0.307,OPEN,0.312,0.311,1,0,0,0.21
337281561,44,0.318,0.316,OPEN,0.306,0.307,OPEN,0.312,0.311,1,0,0,0.21
337281604,45,0.307,0.314,OPEN,0.306,0.309,OPEN,0.306,0.311,1,0,0,0.21
337281645,46,0.307,0.312,OPEN,0.322,0.309,OPEN,0.315,0.31,1,0,0,0.21
337281691,47,0.307,0.311,OPEN,0.296,0.307,OPEN,0.301,0.309,1,0,0,0.21
337281732,48,0.317,0.311,OPEN,0.322,0.31,OPEN,0.32,0.31,1,0,0,0.21
337281778,49,0.306,0.309,OPEN,0.323,0.314,OPEN,0.315,0.311,1,0,0,0.21
337281818,50,0.317,0.311,OPEN,0.322,0.317,OPEN,0.32,0.314,1,0,0,0.21
337281860,51,0.306,0.311,OPEN,0.323,0.317,OPEN,0.315,0.314,1,0,0,0.21
337281905,52,0.316,0.312,OPEN,0.323,0.323,OPEN,0.32,0.318,1,0,0,0.21
337281946,53,0.306,0.31,OPEN,0.323,0.323,OPEN,0.315,0.317,1,0,0,0.21
337281989,54,0.318,0.313,OPEN,0.313,0.321,OPEN,0.316,0.317,1,0,0,0.21
337282034,55,0.318,0.313,OPEN,0.323,0.321,OPEN,0.321,0.317,1,0,0,0.21
337282078,56,0.276,0.307,OPEN,0.291,0.315,OPEN,0.283,0.311,1,0,0,0.21
337282122,57,0.05,0.254,OPEN,0.129,0.276,OPEN,0.089,0.265,1,0,0,0.21
337282164,58,0.0,0.192,CLOSED,0.055,0.222,OPEN,0.028,0.207,1,0,0,0.21
337282209,59,0.068,0.142,CLOSED,0.103,0.18,CLOSED,0.085,0.161,1,0,0,0.21
337282254,60,0.133,0.105,CLOSED,0.15,0.146,CLOSED,0.142,0.126,1,0,0,0.21
337282295,61,0.185,0.087,CLOSED,0.183,0.124,CLOSED,0.184,0.105,1,0,0,0.21
337282341,62,0.234,0.124,CLOSED,0.233,0.145,CLOSED,0.234,0.135,1,0,0,0.21
337282383,63,0.251,0.174,CLOSED,0.267,0.187,CLOSED,0.259,0.18,1,0,0,0.21
337282427,64,0.269,0.214,OPEN,0.283,0.223,OPEN,0.276,0.218,2,0,0,0.21
337282472,65,0.268,0.241,OPEN,0.283,0.25,OPEN,0.275,0.245,2,0,0,0.21
337282514,66,0.268,0.258,OPEN,0.3,0.273,OPEN,0.284,0.266,2,0,0,0.21
337282555,67,0.31,0.273,OPEN,0.316,0.29,OPEN,0.313,0.281,2,0,0,0.21
337282598,68,0.312,0.285,OPEN,0.316,0.3,OPEN,0.314,0.292,2,0,0,0.21
337282641,69,0.302,0.292,OPEN,0.29,0.301,OPEN,0.296,0.296,2,0,0,0.21
337282686,70,0.317,0.302,OPEN,0.316,0.308,OPEN,0.317,0.305,2,0,0,0.21
337282729,71,0.3,0.308,OPEN,0.333,0.314,OPEN,0.317,0.311,2,0,0,0.21
337282774,72,0.283,0.303,OPEN,0.333,0.318,OPEN,0.308,0.31,2,0,0,0.21
337282816,73,0.283,0.297,OPEN,0.316,0.318,OPEN,0.299,0.307,2,0,0,0.21
337282857,74,0.301,0.297,OPEN,0.316,0.323,OPEN,0.308,0.31,2,0,0,0.21
337282904,75,0.317,0.297,OPEN,0.316,0.323,OPEN,0.317,0.31,2,0,0,0.21
337282945,76,0.3,0.297,OPEN,0.317,0.32,OPEN,0.308,0.308,2,0,0,0.21
337282988,77,0.284,0.297,OPEN,0.317,0.316,OPEN,0.3,0.306,2,0,0,0.21
337283028,78,0.31,0.302,OPEN,0.323,0.318,OPEN,0.317,0.31,2,0,0,0.21
337283074,79,0.327,0.308,OPEN,0.306,0.316,OPEN,0.317,0.312,2,0,0,0.21
337283118,80,0.318,0.308,OPEN,0.306,0.314,OPEN,0.312,0.311,2,0,0,0.21
337283163,81,0.351,0.318,OPEN,0.321,0.315,OPEN,0.336,0.317,2,0,0,0.21
337283203,82,0.307,0.323,OPEN,0.339,0.319,OPEN,0.323,0.321,2,0,0,0.21
337283248,83,0.351,0.331,OPEN,0.323,0.319,OPEN,0.337,0.325,2,0,0,0.21
337283289,84,0.326,0.331,OPEN,0.313,0.32,OPEN,0.32,0.326,2,0,0,0.21
337283334,85,0.323,0.332,OPEN,0.327,0.325,OPEN,0.325,0.329,2,0,0,0.21
337283376,86,0.326,0.327,OPEN,0.322,0.325,OPEN,0.324,0.326,2,0,0,0.21
337283418,87,0.324,0.33,OPEN,0.311,0.319,OPEN,0.318,0.325,2,0,0,0.21
337283463,88,0.324,0.325,OPEN,0.312,0.317,OPEN,0.318,0.321,2,0,0,0.21
337283505,89,0.324,0.324,OPEN,0.312,0.317,OPEN,0.318,0.321,2,0,0,0.21
337283549,90,0.308,0.321,OPEN,0.327,0.317,OPEN,0.318,0.319,2,0,0,0.21
337283592,91,0.307,0.317,OPEN,0.327,0.318,OPEN,0.317,0.318,2,0,0,0.21
337283635,92,0.308,0.314,OPEN,0.312,0.318,OPEN,0.31,0.316,2,0,0,0.21
337283679,93,0.308,0.311,OPEN,0.311,0.318,OPEN,0.309,0.315,2,0,0,0.21
337283723,94,0.292,0.305,OPEN,0.311,0.318,OPEN,0.301,0.311,2,0,0,0.21
337283765,95,0.26,0.295,OPEN,0.265,0.305,OPEN,0.263,0.3,2,0,0,0.21
337283811,96,0.26,0.286,OPEN,0.249,0.29,OPEN,0.255,0.288,2,0,0,0.21
337283852,97,0.276,0.279,OPEN,0.25,0.277,OPEN,0.263,0.278,2,0,0,0.21
337283897,98,0.276,0.273,OPEN,0.249,0.265,OPEN,0.263,0.269,2,0,0,0.21
337283939,99,0.276,0.27,OPEN,0.249,0.252,OPEN,0.263,0.261,2,0,0,0.21
337283979,100,0.275,0.273,OPEN,0.29,0.257,OPEN,0.282,0.265,2,0,0,0.21
337284025,101,0.275,0.276,OPEN,0.29,0.266,OPEN,0.282,0.271,2,0,0,0.21
337284071,102,0.307,0.282,OPEN,0.307,0.277,OPEN,0.307,0.279,2,0,0,0.21
337284111,103,0.307,0.288,OPEN,0.306,0.288,OPEN,0.306,0.288,2,0,0,0.21
337284157,104,0.316,0.296,OPEN,0.312,0.301,OPEN,0.314,0.298,2,0,0,0.21
337284199,105,0.318,0.305,OPEN,0.282,0.299,OPEN,0.3,0.302,2,0,0,0.21
337284242,106,0.29,0.308,OPEN,0.297,0.301,OPEN,0.293,0.304,2,0,0,0.21
337284283,107,0.291,0.304,OPEN,0.307,0.301,OPEN,0.299,0.302,2,0,0,0.21
337284330,108,0.317,0.306,OPEN,0.298,0.299,OPEN,0.307,0.302,2,0,0,0.21
337284373,109,0.307,0.305,OPEN,0.297,0.296,OPEN,0.302,0.3,2,0,0,0.21
337284414,110,0.307,0.302,OPEN,0.298,0.299,OPEN,0.302,0.3,2,0,0,0.21
337284460,111,0.307,0.306,OPEN,0.297,0.299,OPEN,0.302,0.302,2,0,0,0.21
337284501,112,0.291,0.306,OPEN,0.297,0.297,OPEN,0.294,0.301,2,0,0,0.21
337284546,113,0.281,0.299,OPEN,0.296,0.297,OPEN,0.288,0.298,2,0,0,0.21
337284588,114,0.296,0.296,OPEN,0.304,0.298,OPEN,0.3,0.297,2,0,0,0.21
337284631,115,0.29,0.293,OPEN,0.291,0.297,OPEN,0.29,0.295,2,0,0,0.21
337284676,116,0.141,0.26,OPEN,0.173,0.272,OPEN,0.157,0.266,2,0,0,0.21
337284718,117,0.053,0.212,OPEN,0.061,0.225,OPEN,0.057,0.218,2,0,0,0.21
337284761,118,0.03,0.162,CLOSED,0.029,0.172,CLOSED,0.029,0.167,2,0,0,0.21
337284806,119,0.03,0.109,CLOSED,0.059,0.123,CLOSED,0.044,0.116,2,0,0,0.21
337284847,120,0.045,0.06,CLOSED,0.081,0.081,CLOSED,0.063,0.071,2,0,0,0.21
337284893,121,0.141,0.06,CLOSED,0.159,0.078,CLOSED,0.15,0.069,2,0,0,0.21
337284935,122,0.173,0.084,CLOSED,0.196,0.105,CLOSED,0.184,0.095,2,0,0,0.21
337284976,123,0.212,0.12,CLOSED,0.228,0.145,CLOSED,0.22,0.133,2,0,0,0.21
337285022,124,0.252,0.165,CLOSED,0.243,0.181,CLOSED,0.247,0.173,2,0,0,0.21
337285065,125,0.258,0.207,CLOSED,0.259,0.217,OPEN,0.259,0.212,2,0,0,0.21
337285109,126,0.285,0.236,OPEN,0.259,0.237,OPEN,0.272,0.236,3,0,0,0.21
337285151,127,0.275,0.256,OPEN,0.266,0.251,OPEN,0.271,0.254,3,0,0,0.21
337285195,128,0.274,0.269,OPEN,0.275,0.26,OPEN,0.275,0.265,3,0,0,0.21
337285236,129,0.291,0.277,OPEN,0.292,0.27,OPEN,0.291,0.274,3,0,0,0.21
337285279,130,0.323,0.29,OPEN,0.308,0.28,OPEN,0.316,0.285,3,0,0,0.21
337285325,131,0.318,0.296,OPEN,0.291,0.286,OPEN,0.304,0.291,3,0,0,0.21
337285367,132,0.307,0.303,OPEN,0.308,0.295,OPEN,0.307,0.299,3,0,0,0.21
337285411,133,0.307,0.309,OPEN,0.306,0.301,OPEN,0.306,0.305,3,0,0,0.21
337285452,134,0.324,0.316,OPEN,0.307,0.304,OPEN,0.316,0.31,3,0,0,0.21
337285499,135,0.324,0.316,OPEN,0.306,0.304,OPEN,0.315,0.31,3,0,0,0.21
337285538,136,0.335,0.319,OPEN,0.305,0.306,OPEN,0.32,0.312,3,0,0,0.21
337285584,137,0.318,0.322,OPEN,0.304,0.306,OPEN,0.311,0.314,3,0,0,0.21
337285624,138,0.292,0.319,OPEN,0.304,0.305,OPEN,0.298,0.312,3,0,0,0.21
337285670,139,0.302,0.314,OPEN,0.296,0.303,OPEN,0.299,0.308,3,0,0,0.21
337285713,140,0.302,0.31,OPEN,0.305,0.303,OPEN,0.303,0.306,3,0,0,0.21
337285756,141,0.32,0.307,OPEN,0.32,0.306,OPEN,0.32,0.306,3,0,0,0.21
337285802,142,0.291,0.301,OPEN,0.295,0.304,OPEN,0.293,0.302,3,0,0,0.21
337285842,143,0.318,0.307,OPEN,0.29,0.301,OPEN,0.304,0.304,3,0,0,0.21
337285890,144,0.318,0.31,OPEN,0.306,0.303,OPEN,0.312,0.306,3,0,0,0.21
337285930,145,0.317,0.313,OPEN,0.306,0.303,OPEN,0.311,0.308,3,0,0,0.21
337285971,146,0.317,0.312,OPEN,0.305,0.3,OPEN,0.311,0.306,3,0,0,0.21
337286013,147,0.318,0.318,OPEN,0.305,0.302,OPEN,0.311,0.31,3,0,0,0.21
337286060,148,0.308,0.316,OPEN,0.307,0.306,OPEN,0.307,0.311,3,0,0,0.21
337286103,149,0.335,0.319,OPEN,0.307,0.306,OPEN,0.321,0.312,3,0,0,0.21
337286146,150,0.306,0.317,OPEN,0.313,0.307,OPEN,0.309,0.312,3,0,0,0.21
337286191,151,0.307,0.315,OPEN,0.307,0.308,OPEN,0.307,0.311,3,0,0,0.21
337286232,152,0.307,0.313,OPEN,0.34,0.315,OPEN,0.324,0.314,3,0,0,0.21
337286275,153,0.307,0.312,OPEN,0.308,0.315,OPEN,0.307,0.314,3,0,0,0.21
337286319,154,0.32,0.309,OPEN,0.308,0.315,OPEN,0.314,0.312,3,0,0,0.21
337286361,155,0.299,0.308,OPEN,0.285,0.31,OPEN,0.292,0.309,3,0,0,0.21
337286406,156,0.289,0.304,OPEN,0.302,0.309,OPEN,0.295,0.306,3,0,0,0.21
337286448,157,0.296,0.302,OPEN,0.283,0.297,OPEN,0.289,0.299,3,0,0,0.21
337286493,158,0.295,0.3,OPEN,0.292,0.294,OPEN,0.293,0.297,3,0,0,0.21
337286536,159,0.266,0.289,OPEN,0.249,0.282,OPEN,0.258,0.285,3,0,0,0.21
337286582,160,0.235,0.276,OPEN,0.241,0.273,OPEN,0.238,0.275,3,0,0,0.21
337286622,161,0.265,0.271,OPEN,0.261,0.265,OPEN,0.263,0.268,3,0,0,0.21
337286665,162,0.233,0.259,OPEN,0.241,0.257,OPEN,0.237,0.258,3,0,0,0.21
337286708,163,0.235,0.247,OPEN,0.258,0.25,OPEN,0.246,0.248,3,0,0,0.21
337286752,164,0.264,0.246,OPEN,0.242,0.249,OPEN,0.253,0.247,3,0,0,0.21
337286793,165,0.264,0.252,OPEN,0.276,0.256,OPEN,0.27,0.254,3,0,0,0.21
337286838,166,0.265,0.252,OPEN,0.26,0.255,OPEN,0.263,0.254,3,0,0,0.21
337286880,167,0.234,0.252,OPEN,0.268,0.261,OPEN,0.251,0.257,3,0,0,0.21
337286926,168,0.234,0.252,OPEN,0.252,0.26,OPEN,0.243,0.256,3,0,0,0.21
337286966,169,0.235,0.246,OPEN,0.259,0.263,OPEN,0.247,0.255,3,0,0,0.21
337287013,170,0.248,0.243,OPEN,0.242,0.256,OPEN,0.245,0.249,3,0,0,0.21
337287054,171,0.232,0.237,OPEN,0.242,0.253,OPEN,0.237,0.245,3,0,0,0.21
337287093,172,0.234,0.237,OPEN,0.252,0.249,OPEN,0.243,0.243,3,0,0,0.21
337287141,173,0.228,0.235,OPEN,0.252,0.249,OPEN,0.24,0.242,3,0,0,0.21
337287185,174,0.227,0.234,OPEN,0.252,0.248,OPEN,0.239,0.241,3,0,0,0.21
337287226,175,0.242,0.233,OPEN,0.252,0.25,OPEN,0.247,0.241,3,0,0,0.21
337287272,176,0.242,0.235,OPEN,0.251,0.252,OPEN,0.246,0.243,3,0,0,0.21
337287313,177,0.242,0.236,OPEN,0.252,0.252,OPEN,0.247,0.244,3,0,0,0.21
337287356,178,0.25,0.241,OPEN,0.252,0.252,OPEN,0.251,0.246,3,0,0,0.21
337287401,179,0.25,0.245,OPEN,0.252,0.252,OPEN,0.251,0.248,3,0,0,0.21
337287444,180,0.228,0.242,OPEN,0.233,0.248,OPEN,0.231,0.245,3,0,0,0.21
337287486,181,0.093,0.213,OPEN,0.1,0.218,OPEN,0.097,0.215,3,0,0,0.21
337287531,182,0.046,0.173,CLOSED,0.068,0.181,CLOSED,0.057,0.177,3,0,0,0.21
337287574,183,0.0,0.123,CLOSED,0.016,0.134,CLOSED,0.008,0.129,3,0,0,0.21
337287615,184,0.148,0.103,CLOSED,0.157,0.115,CLOSED,0.152,0.109,3,0,0,0.21
337287661,185,0.225,0.102,CLOSED,0.236,0.115,CLOSED,0.23,0.108,3,0,0,0.21
337287703,186,0.266,0.137,CLOSED,0.284,0.152,CLOSED,0.275,0.145,3,0,0,0.21
337287745,187,0.289,0.186,CLOSED,0.316,0.202,CLOSED,0.302,0.194,3,0,0,0.21
337287789,188,0.299,0.245,OPEN,0.318,0.262,OPEN,0.308,0.254,4,0,0,0.21
337287834,189,0.3,0.276,OPEN,0.334,0.298,OPEN,0.317,0.287,4,0,0,0.21
337287874,190,0.306,0.292,OPEN,0.323,0.315,OPEN,0.315,0.303,4,0,0,0.21
337287920,191,0.32,0.303,OPEN,0.322,0.323,OPEN,0.321,0.313,4,0,0,0.21
337287962,192,0.32,0.309,OPEN,0.323,0.324,OPEN,0.322,0.317,4,0,0,0.21
337288006,193,0.318,0.313,OPEN,0.322,0.325,OPEN,0.32,0.319,4,0,0,0.21
337288050,194,0.353,0.323,OPEN,0.323,0.323,OPEN,0.338,0.323,4,0,0,0.21
337288093,195,0.351,0.332,OPEN,0.321,0.322,OPEN,0.336,0.327,4,0,0,0.21
337288133,196,0.346,0.338,OPEN,0.337,0.325,OPEN,0.342,0.332,4,0,0,0.21
337288179,197,0.345,0.343,OPEN,0.337,0.328,OPEN,0.341,0.336,4,0,0,0.21
337288223,198,0.351,0.349,OPEN,0.337,0.331,OPEN,0.344,0.34,4,0,0,0.21
337288264,199,0.351,0.349,OPEN,0.338,0.334,OPEN,0.345,0.342,4,0,0,0.21
337288309,200,0.351,0.349,OPEN,0.322,0.334,OPEN,0.337,0.342,4,0,0,0.21
337288351,201,0.27,0.334,OPEN,0.266,0.32,OPEN,0.268,0.327,4,0,0,0.21
337288393,202,0.089,0.282,OPEN,0.087,0.27,OPEN,0.088,0.276,4,0,0,0.21
337288440,203,0.043,0.221,OPEN,0.016,0.206,CLOSED,0.029,0.213,4,0,0,0.21
337288481,204,0.017,0.154,CLOSED,0.044,0.147,CLOSED,0.03,0.15,4,0,0,0.21
337288523,205,0.032,0.09,CLOSED,0.031,0.089,CLOSED,0.032,0.089,4,0,0,0.21
337288568,206,0.032,0.043,CLOSED,0.032,0.042,CLOSED,0.032,0.042,4,0,0,0.21
337288612,207,0.04,0.033,CLOSED,0.064,0.037,CLOSED,0.052,0.035,4,0,0,0.21
337288655,208,0.059,0.036,CLOSED,0.151,0.064,CLOSED,0.105,0.05,4,0,0,0.21
337288698,209,0.121,0.057,CLOSED,0.201,0.096,CLOSED,0.161,0.076,4,0,0,0.21
337288743,210,0.208,0.092,CLOSED,0.25,0.14,CLOSED,0.229,0.116,4,0,0,0.21
337288785,211,0.239,0.133,CLOSED,0.278,0.189,CLOSED,0.259,0.161,4,0,0,0.21
337288828,212,0.275,0.18,CLOSED,0.278,0.232,OPEN,0.277,0.206,4,0,0,0.21
337288873,213,0.274,0.223,OPEN,0.251,0.252,OPEN,0.263,0.237,5,0,0,0.21
337288915,214,0.285,0.256,OPEN,0.258,0.263,OPEN,0.271,0.26,5,0,0,0.21
337288959,215,0.326,0.28,OPEN,0.3,0.273,OPEN,0.313,0.277,5,0,0,0.21
337289000,216,0.331,0.298,OPEN,0.317,0.281,OPEN,0.324,0.289,5,0,0,0.21
337289042,217,0.316,0.306,OPEN,0.318,0.289,OPEN,0.317,0.297,5,0,0,0.21
337289086,218,0.315,0.315,OPEN,0.283,0.295,OPEN,0.299,0.305,5,0,0,0.21
337289129,219,0.327,0.323,OPEN,0.299,0.303,OPEN,0.313,0.313,5,0,0,0.21
337289174,220,0.31,0.32,OPEN,0.283,0.3,OPEN,0.296,0.31,5,0,0,0.21
337289218,221,0.311,0.316,OPEN,0.285,0.294,OPEN,0.298,0.305,5,0,0,0.21
337289261,222,0.31,0.315,OPEN,0.284,0.287,OPEN,0.297,0.301,5,0,0,0.21
337289306,223,0.295,0.311,OPEN,0.284,0.287,OPEN,0.289,0.299,5,0,0,0.21
337289348,224,0.2,0.285,OPEN,0.193,0.266,OPEN,0.197,0.275,5,0,0,0.21
337289387,225,0.033,0.23,OPEN,0.042,0.218,OPEN,0.038,0.224,5,0,0,0.21
337289434,226,0.032,0.174,CLOSED,0.033,0.167,CLOSED,0.033,0.17,5,0,0,0.21
337289475,227,0.04,0.12,CLOSED,0.0,0.11,CLOSED,0.02,0.115,5,0,0,0.21
337289521,228,0.016,0.064,CLOSED,0.017,0.057,CLOSED,0.017,0.06,5,0,0,0.21
337289562,229,0.016,0.027,CLOSED,0.017,0.022,CLOSED,0.017,0.025,5,0,0,0.21
337289606,230,0.015,0.024,CLOSED,0.036,0.021,CLOSED,0.025,0.022,5,0,0,0.21
337289648,231,0.021,0.022,CLOSED,0.027,0.019,CLOSED,0.024,0.02,5,0,0,0.21
337289694,232,0.068,0.027,CLOSED,0.128,0.045,CLOSED,0.098,0.036,5,0,0,0.21
337289734,233,0.168,0.058,CLOSED,0.2,0.082,CLOSED,0.184,0.07,5,0,0,0.21
337289780,234,0.227,0.1,CLOSED,0.242,0.127,CLOSED,0.234,0.114,5,0,0,0.21
337289822,235,0.294,0.156,CLOSED,0.271,0.174,CLOSED,0.282,0.165,5,0,0,0.21
337289865,236,0.303,0.212,OPEN,0.286,0.225,OPEN,0.294,0.218,6,0,0,0.21
337289911,237,0.294,0.257,OPEN,0.293,0.258,OPEN,0.293,0.258,6,0,0,0.21
337289951,238,0.277,0.279,OPEN,0.276,0.274,OPEN,0.277,0.277,6,0,0,0.21
337289994,239,0.286,0.291,OPEN,0.284,0.282,OPEN,0.285,0.286,6,0,0,0.21
337290040,240,0.287,0.289,OPEN,0.267,0.281,OPEN,0.277,0.285,6,0,0,0.21
337290080,241,0.294,0.288,OPEN,0.284,0.281,OPEN,0.289,0.284,6,0,0,0.21
337290126,242,0.277,0.284,OPEN,0.267,0.276,OPEN,0.272,0.28,6,0,0,0.21
337290167,243,0.26,0.281,OPEN,0.26,0.272,OPEN,0.26,0.277,6,0,0,0.21
337290215,244,0.293,0.282,OPEN,0.267,0.269,OPEN,0.28,0.275,6,0,0,0.21
337290257,245,0.294,0.284,OPEN,0.3,0.276,OPEN,0.297,0.28,6,0,0,0.21
337290299,246,0.294,0.284,OPEN,0.302,0.279,OPEN,0.298,0.281,6,0,0,0.21
337290340,247,0.293,0.287,OPEN,0.284,0.283,OPEN,0.288,0.285,6,0,0,0.21
337290386,248,0.293,0.293,OPEN,0.285,0.288,OPEN,0.289,0.29,6,0,0,0.21
337290426,249,0.294,0.294,OPEN,0.318,0.298,OPEN,0.306,0.296,6,0,0,0.21
337290472,250,0.294,0.294,OPEN,0.316,0.301,OPEN,0.305,0.297,6,0,0,0.21
337290513,251,0.294,0.294,OPEN,0.301,0.301,OPEN,0.297,0.297,6,0,0,0.21
337290559,252,0.304,0.296,OPEN,0.285,0.301,OPEN,0.294,0.298,6,0,0,0.21
337290602,253,0.293,0.296,OPEN,0.301,0.304,OPEN,0.297,0.3,6,0,0,0.21
337290644,254,0.312,0.299,OPEN,0.299,0.3,OPEN,0.305,0.299,6,0,0,0.21
337290690,255,0.328,0.306,OPEN,0.3,0.297,OPEN,0.314,0.301,6,0,0,0.21
337290731,256,0.284,0.304,OPEN,0.299,0.297,OPEN,0.291,0.3,6,0,0,0.21
337290773,257,0.283,0.3,OPEN,0.291,0.298,OPEN,0.287,0.299,6,0,0,0.21
337290818,258,0.283,0.298,OPEN,0.29,0.296,OPEN,0.286,0.297,6,0,0,0.21
337290861,259,0.292,0.294,OPEN,0.307,0.297,OPEN,0.299,0.295,6,0,0,0.21
337290904,260,0.299,0.288,OPEN,0.307,0.299,OPEN,0.303,0.293,6,0,0,0.21
337290947,261,0.316,0.295,OPEN,0.323,0.304,OPEN,0.32,0.299,6,0,0,0.21
337290987,262,0.316,0.301,OPEN,0.307,0.307,OPEN,0.311,0.304,6,0,0,0.21
337291030,263,0.326,0.31,OPEN,0.318,0.312,OPEN,0.322,0.311,6,0,0,0.21
337291078,264,0.3,0.311,OPEN,0.318,0.315,OPEN,0.309,0.313,6,0,0,0.21
337291121,265,0.233,0.298,OPEN,0.242,0.302,OPEN,0.237,0.3,6,0,0,0.21
337291164,266,0.0,0.235,OPEN,0.032,0.243,OPEN,0.016,0.239,6,0,0,0.21
337291207,267,0.016,0.175,CLOSED,0.051,0.192,CLOSED,0.034,0.183,6,0,0,0.21
337291249,268,0.1,0.13,CLOSED,0.067,0.142,CLOSED,0.084,0.136,6,0,0,0.21
337291293,269,0.163,0.102,CLOSED,0.191,0.117,CLOSED,0.177,0.11,6,0,0,0.21
337291337,270,0.224,0.101,CLOSED,0.233,0.115,CLOSED,0.229,0.108,6,0,0,0.21
337291380,271,0.276,0.156,CLOSED,0.284,0.165,CLOSED,0.28,0.161,6,0,0,0.21
337291424,272,0.311,0.215,OPEN,0.283,0.212,OPEN,0.297,0.213,7,0,0,0.21
337291468,273,0.294,0.254,OPEN,0.299,0.258,OPEN,0.296,0.256,7,0,0,0.21
337291510,274,0.31,0.283,OPEN,0.299,0.28,OPEN,0.304,0.281,7,0,0,0.21
337291553,275,0.293,0.297,OPEN,0.299,0.293,OPEN,0.296,0.295,7,0,0,0.21
337291594,276,0.31,0.304,OPEN,0.3,0.296,OPEN,0.305,0.3,7,0,0,0.21
337291640,277,0.301,0.302,OPEN,0.305,0.3,OPEN,0.303,0.301,7,0,0,0.21
337291683,278,0.318,0.306,OPEN,0.321,0.305,OPEN,0.32,0.305,7,0,0,0.21
337291726,279,0.349,0.314,OPEN,0.353,0.316,OPEN,0.351,0.315,7,0,0,0.21
337291770,280,0.382,0.332,OPEN,0.373,0.33,OPEN,0.378,0.331,7,0,0,0.21
337291813,281,0.402,0.35,OPEN,0.405,0.351,OPEN,0.404,0.35,7,0,0,0.21
337291857,282,0.402,0.371,OPEN,0.405,0.371,OPEN,0.404,0.371,7,0,0,0.21
337291900,283,0.418,0.391,OPEN,0.405,0.388,OPEN,0.411,0.39,7,0,0,0.21
337291943,284,0.419,0.405,OPEN,0.407,0.399,OPEN,0.413,0.402,7,0,0,0.21
337291985,285,0.436,0.415,OPEN,0.438,0.412,OPEN,0.437,0.413,7,0,0,0.21
337292029,286,0.452,0.425,OPEN,0.453,0.422,OPEN,0.453,0.423,7,0,0,0.21
337292073,287,0.452,0.435,OPEN,0.438,0.428,OPEN,0.445,0.431,7,0,0,0.21
337292115,288,0.387,0.429,OPEN,0.374,0.422,OPEN,0.381,0.425,7,0,0,0.21
337292159,289,0.177,0.381,OPEN,0.179,0.376,OPEN,0.178,0.379,7,0,0,0.21
337292200,290,0.016,0.297,OPEN,0.032,0.295,OPEN,0.024,0.296,7,0,0,0.21
337292246,291,0.016,0.21,OPEN,0.016,0.208,CLOSED,0.016,0.209,7,0,0,0.21
337292287,292,0.03,0.125,CLOSED,0.015,0.123,CLOSED,0.022,0.124,7,0,0,0.21
337292331,293,0.062,0.06,CLOSED,0.061,0.061,CLOSED,0.061,0.06,7,0,0,0.21
337292371,294,0.097,0.044,CLOSED,0.097,0.044,CLOSED,0.097,0.044,7,0,0,0.21
337292418,295,0.177,0.076,CLOSED,0.193,0.076,CLOSED,0.185,0.076,7,0,0,0.21
337292462,296,0.228,0.119,CLOSED,0.258,0.125,CLOSED,0.243,0.122,7,0,0,0.21
337292502,297,0.236,0.16,CLOSED,0.251,0.172,CLOSED,0.243,0.166,7,0,0,0.21
337292550,298,0.269,0.201,CLOSED,0.275,0.215,OPEN,0.272,0.208,7,0,0,0.21
337292592,299,0.285,0.239,OPEN,0.274,0.25,OPEN,0.279,0.244,8,0,0,0.21
337292631,300,0.269,0.257,OPEN,0.265,0.265,OPEN,0.267,0.261,8,0,0,0.21
337292669,301,0.278,0.267,OPEN,0.264,0.266,OPEN,0.271,0.267,8,0,0,0.21
337292712,302,0.295,0.279,OPEN,0.264,0.268,OPEN,0.279,0.274,8,0,0,0.21
337292755,303,0.285,0.282,OPEN,0.264,0.266,OPEN,0.274,0.274,8,0,0,0.21
337292803,304,0.298,0.285,OPEN,0.257,0.263,OPEN,0.277,0.274,8,0,0,0.21
337292852,305,0.278,0.287,OPEN,0.249,0.26,OPEN,0.264,0.273,8,0,0,0.21
337292893,306,0.305,0.292,OPEN,0.257,0.258,OPEN,0.281,0.275,8,0,0,0.21
337292934,307,0.288,0.291,OPEN,0.257,0.257,OPEN,0.272,0.274,8,0,0,0.21
337292980,308,0.306,0.295,OPEN,0.256,0.255,OPEN,0.281,0.275,8,0,0,0.21
337293021,309,0.295,0.294,OPEN,0.256,0.255,OPEN,0.275,0.274,8,0,0,0.21
337293064,310,0.298,0.298,OPEN,0.256,0.256,OPEN,0.277,0.277,8,0,0,0.21
337293107,311,0.281,0.294,OPEN,0.248,0.255,OPEN,0.265,0.274,8,0,0,0.21
337293152,312,0.281,0.292,OPEN,0.264,0.256,OPEN,0.273,0.274,8,0,0,0.21
337293197,313,0.295,0.29,OPEN,0.262,0.257,OPEN,0.278,0.273,8,0,0,0.21
337293242,314,0.295,0.29,OPEN,0.262,0.258,OPEN,0.278,0.274,8,0,0,0.21
337293283,315,0.288,0.288,OPEN,0.255,0.258,OPEN,0.271,0.273,8,0,0,0.21
337293320,316,0.281,0.288,OPEN,0.255,0.26,OPEN,0.268,0.274,8,0,0,0.21
337293364,317,0.261,0.284,OPEN,0.241,0.255,OPEN,0.251,0.269,8,0,0,0.21
337293407,318,0.278,0.281,OPEN,0.264,0.255,OPEN,0.271,0.268,8,0,0,0.21
337293451,319,0.225,0.267,OPEN,0.243,0.252,OPEN,0.234,0.26,8,0,0,0.21
337293495,320,0.106,0.23,OPEN,0.159,0.232,OPEN,0.133,0.231,8,0,0,0.21
337293538,321,0.17,0.208,CLOSED,0.178,0.217,OPEN,0.174,0.212,8,0,0,0.21
337293579,322,0.235,0.203,CLOSED,0.241,0.217,OPEN,0.238,0.21,8,1,0,0.21
337293621,323,0.243,0.196,CLOSED,0.242,0.213,OPEN,0.242,0.205,8,1,0,0.21
337293665,324,0.259,0.203,CLOSED,0.25,0.214,OPEN,0.255,0.209,8,1,0,0.21
337293707,325,0.269,0.235,OPEN,0.274,0.237,OPEN,0.272,0.236,8,1,0,0.21
337293753,326,0.285,0.258,OPEN,0.289,0.259,OPEN,0.287,0.259,8,1,0,0.21
337293795,327,0.278,0.267,OPEN,0.273,0.266,OPEN,0.276,0.267,8,1,0,0.21
337293847,328,0.285,0.275,OPEN,0.273,0.272,OPEN,0.279,0.274,8,1,0,0.21
337293881,329,0.302,0.284,OPEN,0.305,0.283,OPEN,0.303,0.283,8,1,0,0.21
337293924,330,0.285,0.287,OPEN,0.306,0.289,OPEN,0.295,0.288,8,1,0,0.21
337293968,331,0.275,0.285,OPEN,0.306,0.293,OPEN,0.29,0.289,8,1,0,0.21
337294011,332,0.285,0.286,OPEN,0.306,0.299,OPEN,0.295,0.292,8,1,0,0.21
337294054,333,0.294,0.288,OPEN,0.315,0.308,OPEN,0.304,0.298,8,1,0,0.21
337294096,334,0.328,0.293,OPEN,0.298,0.306,OPEN,0.313,0.299,8,1,0,0.21
337294139,335,0.302,0.297,OPEN,0.304,0.306,OPEN,0.303,0.301,8,1,0,0.21
337294184,336,0.284,0.299,OPEN,0.315,0.308,OPEN,0.299,0.303,8,1,0,0.21
337294225,337,0.328,0.307,OPEN,0.306,0.308,OPEN,0.317,0.307,8,1,0,0.21
337294269,338,0.318,0.312,OPEN,0.305,0.306,OPEN,0.311,0.309,8,1,0,0.21
337294312,339,0.318,0.31,OPEN,0.305,0.307,OPEN,0.311,0.308,8,1,0,0.21
337294355,340,0.316,0.313,OPEN,0.306,0.307,OPEN,0.311,0.31,8,1,0,0.21
337294406,341,0.318,0.32,OPEN,0.322,0.309,OPEN,0.32,0.315,8,1,0,0.21
337294442,342,0.294,0.313,OPEN,0.268,0.301,OPEN,0.281,0.307,8,1,0,0.21
337294486,343,0.081,0.265,OPEN,0.113,0.263,OPEN,0.097,0.264,8,1,0,0.21
337294529,344,0.016,0.205,CLOSED,0.016,0.205,CLOSED,0.016,0.205,8,1,0,0.21
337294575,345,0.016,0.145,CLOSED,0.064,0.157,CLOSED,0.04,0.151,8,1,0,0.21
337294614,346,0.119,0.105,CLOSED,0.185,0.129,CLOSED,0.152,0.117,8,1,0,0.21
337294657,347,0.15,0.076,CLOSED,0.225,0.121,CLOSED,0.188,0.099,8,1,0,0.21
337294714,348,0.182,0.097,CLOSED,0.252,0.148,CLOSED,0.217,0.122,8,1,0,0.21
337294745,349,0.216,0.137,CLOSED,0.252,0.196,CLOSED,0.234,0.167,8,1,0,0.21
337294789,350,0.249,0.183,CLOSED,0.243,0.231,OPEN,0.246,0.207,9,1,0,0.21
337294831,351,0.25,0.209,CLOSED,0.243,0.243,OPEN,0.246,0.226,9,1,0,0.21
337294874,352,0.25,0.229,OPEN,0.26,0.25,OPEN,0.255,0.239,9,1,0,0.21
337294923,353,0.241,0.241,OPEN,0.26,0.252,OPEN,0.251,0.246,9,1,0,0.21
337294961,354,0.249,0.248,OPEN,0.276,0.256,OPEN,0.263,0.252,9,1,0,0.21
337295003,355,0.281,0.254,OPEN,0.267,0.261,OPEN,0.274,0.258,9,1,0,0.21
337295047,356,0.281,0.26,OPEN,0.276,0.268,OPEN,0.279,0.264,9,1,0,0.21
337295090,357,0.281,0.267,OPEN,0.292,0.274,OPEN,0.286,0.271,9,1,0,0.21
337295138,358,0.273,0.273,OPEN,0.267,0.276,OPEN,0.27,0.275,9,1,0,0.21
337295178,359,0.264,0.276,OPEN,0.276,0.276,OPEN,0.27,0.276,9,1,0,0.21
337295220,360,0.272,0.274,OPEN,0.285,0.279,OPEN,0.278,0.277,9,1,0,0.21
337295267,361,0.272,0.272,OPEN,0.27,0.278,OPEN,0.271,0.275,9,1,0,0.21
337295307,362,0.25,0.266,OPEN,0.26,0.272,OPEN,0.255,0.269,9,1,0,0.21
337295350,363,0.177,0.247,OPEN,0.179,0.254,OPEN,0.178,0.251,9,1,0,0.21
337295404,364,0.125,0.219,OPEN,0.188,0.236,OPEN,0.157,0.227,9,1,0,0.21
337295437,365,0.142,0.193,CLOSED,0.173,0.214,OPEN,0.157,0.204,9,1,0,0.21
337295480,366,0.141,0.167,CLOSED,0.179,0.196,CLOSED,0.16,0.181,9,1,0,0.21
337295539,367,0.125,0.142,CLOSED,0.179,0.18,CLOSED,0.152,0.161,9,1,0,0.21
337295626,368,0.142,0.135,CLOSED,0.18,0.18,CLOSED,0.161,0.158,9,1,0,0.21
337295700,369,0.141,0.138,CLOSED,0.195,0.181,CLOSED,0.168,0.16,9,1,0,0.21
337295740,370,0.141,0.138,CLOSED,0.206,0.188,CLOSED,0.173,0.163,9,1,0,0.21
337295784,371,0.136,0.137,CLOSED,0.221,0.196,CLOSED,0.178,0.167,9,1,0,0.21
337295842,372,0.136,0.139,CLOSED,0.221,0.205,CLOSED,0.178,0.172,9,1,0,0.21
337295931,373,0.179,0.147,CLOSED,0.212,0.211,OPEN,0.196,0.179,10,1,0,0.21
337296002,374,0.241,0.167,CLOSED,0.252,0.222,OPEN,0.246,0.195,10,1,0,0.21
337296043,375,0.177,0.174,CLOSED,0.228,0.227,OPEN,0.203,0.201,10,1,0,0.21
337296086,376,0.179,0.182,CLOSED,0.211,0.225,OPEN,0.195,0.204,10,1,0,0.21
337296129,377,0.156,0.186,CLOSED,0.212,0.223,OPEN,0.184,0.205,10,1,0,0.21
337296173,378,0.173,0.185,CLOSED,0.219,0.224,OPEN,0.196,0.205,10,1,0,0.21
337296216,379,0.173,0.172,CLOSED,0.219,0.218,OPEN,0.196,0.195,10,1,0,0.21
337296262,380,0.172,0.171,CLOSED,0.236,0.219,OPEN,0.204,0.195,10,1,0,0.21
337296302,381,0.156,0.166,CLOSED,0.196,0.216,OPEN,0.176,0.191,10,1,0,0.21
337296345,382,0.045,0.144,CLOSED,0.117,0.197,CLOSED,0.081,0.17,10,1,0,0.21
337296400,383,0.015,0.112,CLOSED,0.07,0.168,CLOSED,0.043,0.14,10,1,0,0.21
337296474,384,0.161,0.11,CLOSED,0.164,0.157,CLOSED,0.163,0.134,10,1,0,0.21
337296534,385,0.249,0.125,CLOSED,0.236,0.157,CLOSED,0.242,0.141,10,1,0,0.21
337296616,386,0.274,0.149,CLOSED,0.269,0.171,CLOSED,0.272,0.16,10,1,0,0.21
337296692,387,0.272,0.194,CLOSED,0.285,0.205,CLOSED,0.278,0.2,10,1,0,0.21
337296736,388,0.271,0.245,OPEN,0.285,0.248,OPEN,0.278,0.246,11,1,0,0.21
337296781,389,0.287,0.271,OPEN,0.285,0.272,OPEN,0.286,0.272,11,1,0,0.21
337296823,390,0.272,0.275,OPEN,0.276,0.28,OPEN,0.274,0.278,11,1,0,0.21
337296866,391,0.293,0.279,OPEN,0.279,0.282,OPEN,0.286,0.28,11,1,0,0.21
337296908,392,0.293,0.283,OPEN,0.311,0.287,OPEN,0.302,0.285,11,1,0,0.21
337296952,393,0.278,0.285,OPEN,0.31,0.292,OPEN,0.294,0.288,11,1,0,0.21
337296995,394,0.278,0.283,OPEN,0.279,0.291,OPEN,0.279,0.287,11,1,0,0.21
337297038,395,0.279,0.284,OPEN,0.297,0.295,OPEN,0.288,0.289,11,1,0,0.21
337297081,396,0.285,0.283,OPEN,0.297,0.299,OPEN,0.291,0.291,11,1,0,0.21
337297130,397,0.268,0.278,OPEN,0.297,0.296,OPEN,0.282,0.287,11,1,0,0.21
337297167,398,0.285,0.279,OPEN,0.304,0.295,OPEN,0.294,0.287,11,1,0,0.21
337297210,399,0.261,0.276,OPEN,0.294,0.298,OPEN,0.277,0.287,11,1,0,0.21
337297254,400,0.283,0.276,OPEN,0.294,0.297,OPEN,0.288,0.286,11,1,0,0.21
337297296,401,0.246,0.269,OPEN,0.294,0.297,OPEN,0.27,0.283,11,1,0,0.21
337297340,402,0.276,0.27,OPEN,0.285,0.294,OPEN,0.28,0.282,11,1,0,0.21
337297386,403,0.29,0.271,OPEN,0.3,0.293,OPEN,0.295,0.282,11,1,0,0.21
337297426,404,0.276,0.274,OPEN,0.297,0.294,OPEN,0.286,0.284,11,1,0,0.21
337297469,405,0.276,0.273,OPEN,0.303,0.296,OPEN,0.289,0.284,11,1,0,0.21
337297516,406,0.254,0.274,OPEN,0.302,0.297,OPEN,0.278,0.285,11,1,0,0.21
337297560,407,0.275,0.274,OPEN,0.3,0.3,OPEN,0.287,0.287,11,1,0,0.21
337297605,408,0.275,0.271,OPEN,0.312,0.303,OPEN,0.293,0.287,11,1,0,0.21
337297647,409,0.275,0.271,OPEN,0.297,0.303,OPEN,0.286,0.287,11,1,0,0.21
337297689,410,0.275,0.271,OPEN,0.297,0.302,OPEN,0.286,0.286,11,1,0,0.21
337297729,411,0.276,0.275,OPEN,0.297,0.301,OPEN,0.286,0.288,11,1,0,0.21
337297773,412,0.275,0.275,OPEN,0.288,0.298,OPEN,0.281,0.286,11,1,0,0.21
337297827,413,0.275,0.275,OPEN,0.288,0.293,OPEN,0.281,0.284,11,1,0,0.21
337297864,414,0.275,0.275,OPEN,0.288,0.292,OPEN,0.281,0.283,11,1,0,0.21
337297910,415,0.275,0.275,OPEN,0.288,0.29,OPEN,0.281,0.282,11,1,0,0.21
337297951,416,0.275,0.275,OPEN,0.288,0.288,OPEN,0.281,0.281,11,1,0,0.21
337297991,417,0.275,0.275,OPEN,0.297,0.29,OPEN,0.286,0.282,11,1,0,0.21
337298032,418,0.261,0.272,OPEN,0.294,0.291,OPEN,0.277,0.281,11,1,0,0.21
337298075,419,0.253,0.268,OPEN,0.304,0.294,OPEN,0.278,0.281,11,1,0,0.21
337298119,420,0.268,0.266,OPEN,0.278,0.292,OPEN,0.273,0.279,11,1,0,0.21
337298167,421,0.261,0.264,OPEN,0.281,0.291,OPEN,0.271,0.277,11,1,0,0.21
337298206,422,0.285,0.266,OPEN,0.288,0.289,OPEN,0.286,0.277,11,1,0,0.21
337298249,423,0.27,0.267,OPEN,0.307,0.292,OPEN,0.288,0.279,11,1,0,0.21
337298294,424,0.254,0.268,OPEN,0.278,0.286,OPEN,0.266,0.277,11,1,0,0.21
337298334,425,0.276,0.269,OPEN,0.313,0.293,OPEN,0.294,0.281,11,1,0,0.21
337298378,426,0.268,0.271,OPEN,0.304,0.298,OPEN,0.286,0.284,11,1,0,0.21
337298434,427,0.268,0.267,OPEN,0.307,0.302,OPEN,0.287,0.284,11,1,0,0.21
337298515,428,0.27,0.267,OPEN,0.3,0.3,OPEN,0.285,0.283,11,1,0,0.21
337298559,429,0.283,0.273,OPEN,0.294,0.304,OPEN,0.288,0.288,11,1,0,0.21
337298595,430,0.293,0.276,OPEN,0.297,0.3,OPEN,0.295,0.288,11,1,0,0.21
337298638,431,0.19,0.261,OPEN,0.263,0.292,OPEN,0.227,0.276,11,1,0,0.21
337298682,432,0.102,0.228,OPEN,0.144,0.26,OPEN,0.123,0.244,11,1,0,0.21
337298726,433,0.117,0.197,CLOSED,0.19,0.238,OPEN,0.153,0.217,11,1,0,0.21
337298768,434,0.226,0.186,CLOSED,0.269,0.233,OPEN,0.247,0.21,11,2,0,0.21
337298811,435,0.279,0.183,CLOSED,0.276,0.228,OPEN,0.278,0.206,11,2,0,0.21
337298857,436,0.285,0.202,CLOSED,0.308,0.237,OPEN,0.296,0.22,11,2,0,0.21
337298901,437,0.293,0.24,OPEN,0.308,0.27,OPEN,0.3,0.255,11,2,0,0.21
337298942,438,0.285,0.274,OPEN,0.297,0.292,OPEN,0.291,0.283,11,2,0,0.21
337298984,439,0.295,0.287,OPEN,0.294,0.297,OPEN,0.294,0.292,11,2,0,0.21
337299027,440,0.295,0.291,OPEN,0.297,0.301,OPEN,0.296,0.296,11,2,0,0.21
337299070,441,0.287,0.291,OPEN,0.308,0.301,OPEN,0.297,0.296,11,2,0,0.21
337299113,442,0.293,0.291,OPEN,0.3,0.299,OPEN,0.296,0.295,11,2,0,0.21
337299161,443,0.285,0.291,OPEN,0.309,0.302,OPEN,0.297,0.296,11,2,0,0.21
337299201,444,0.311,0.294,OPEN,0.313,0.305,OPEN,0.312,0.299,11,2,0,0.21
337299244,445,0.302,0.296,OPEN,0.343,0.315,OPEN,0.323,0.305,11,2,0,0.21
337299287,446,0.293,0.297,OPEN,0.328,0.319,OPEN,0.31,0.308,11,2,0,0.21
337299330,447,0.309,0.3,OPEN,0.313,0.321,OPEN,0.311,0.31,11,2,0,0.21
337299373,448,0.3,0.303,OPEN,0.315,0.322,OPEN,0.307,0.312,11,2,0,0.21
337299417,449,0.316,0.304,OPEN,0.329,0.326,OPEN,0.323,0.315,11,2,0,0.21
337299460,450,0.316,0.307,OPEN,0.329,0.323,OPEN,0.323,0.315,11,2,0,0.21
337299503,451,0.302,0.309,OPEN,0.329,0.323,OPEN,0.316,0.316,11,2,0,0.21
337299554,452,0.315,0.31,OPEN,0.34,0.328,OPEN,0.328,0.319,11,2,0,0.21
337299589,453,0.3,0.31,OPEN,0.314,0.328,OPEN,0.307,0.319,11,2,0,0.21
337299632,454,0.302,0.307,OPEN,0.324,0.327,OPEN,0.313,0.317,11,2,0,0.21
337299691,455,0.315,0.307,OPEN,0.324,0.326,OPEN,0.32,0.317,11,2,0,0.21
337299764,456,0.3,0.306,OPEN,0.326,0.326,OPEN,0.313,0.316,11,2,0,0.21
337299807,457,0.3,0.303,OPEN,0.326,0.323,OPEN,0.313,0.313,11,2,0,0.21
337299864,458,0.285,0.3,OPEN,0.313,0.323,OPEN,0.299,0.311,11,2,0,0.21
337299940,459,0.285,0.297,OPEN,0.313,0.32,OPEN,0.299,0.308,11,2,0,0.21
337299981,460,0.285,0.291,OPEN,0.313,0.318,OPEN,0.299,0.304,11,2,0,0.21
337300023,461,0.285,0.288,OPEN,0.313,0.316,OPEN,0.299,0.302,11,2,0,0.21
337300066,462,0.285,0.285,OPEN,0.308,0.312,OPEN,0.296,0.298,11,2,0,0.21
337300109,463,0.285,0.285,OPEN,0.31,0.311,OPEN,0.297,0.298,11,2,0,0.21
337300152,464,0.294,0.287,OPEN,0.311,0.311,OPEN,0.302,0.299,11,2,0,0.21
337300196,465,0.196,0.269,OPEN,0.259,0.3,OPEN,0.228,0.284,11,2,0,0.21
337300238,466,0.166,0.245,OPEN,0.236,0.285,OPEN,0.201,0.265,11,2,0,0.21
337300281,467,0.183,0.225,OPEN,0.228,0.269,OPEN,0.206,0.247,11,2,0,0.21
337300324,468,0.181,0.204,CLOSED,0.236,0.254,OPEN,0.208,0.229,11,2,0,0.21
337300369,469,0.181,0.181,CLOSED,0.236,0.239,OPEN,0.208,0.21,11,3,0,0.21
337300410,470,0.197,0.182,CLOSED,0.236,0.234,OPEN,0.216,0.208,11,3,0,0.21
337300454,471,0.197,0.188,CLOSED,0.236,0.234,OPEN,0.216,0.211,11,3,0,0.21
337300503,472,0.197,0.191,CLOSED,0.236,0.236,OPEN,0.216,0.213,11,3,0,0.21
337300541,473,0.106,0.176,CLOSED,0.131,0.215,OPEN,0.118,0.196,11,3,0,0.21
337300584,474,0.074,0.154,CLOSED,0.099,0.188,CLOSED,0.086,0.171,11,3,0,0.21
337300629,475,0.136,0.142,CLOSED,0.159,0.172,CLOSED,0.148,0.157,11,3,0,0.21
337300671,476,0.211,0.145,CLOSED,0.203,0.166,CLOSED,0.207,0.155,11,3,0,0.21
337300714,477,0.264,0.158,CLOSED,0.252,0.169,CLOSED,0.258,0.164,11,3,0,0.21
337300757,478,0.273,0.192,CLOSED,0.272,0.197,CLOSED,0.273,0.195,11,3,0,0.21
337300800,479,0.272,0.231,OPEN,0.267,0.231,OPEN,0.27,0.231,12,3,0,0.21
337300846,480,0.272,0.258,OPEN,0.295,0.258,OPEN,0.283,0.258,12,3,0,0.21
337300886,481,0.303,0.277,OPEN,0.311,0.279,OPEN,0.307,0.278,12,3,0,0.21
337300930,482,0.303,0.285,OPEN,0.323,0.294,OPEN,0.313,0.289,12,3,0,0.21
337300974,483,0.347,0.299,OPEN,0.34,0.307,OPEN,0.344,0.303,12,3,0,0.21
337301017,484,0.321,0.309,OPEN,0.338,0.321,OPEN,0.33,0.315,12,3,0,0.21
337301060,485,0.338,0.322,OPEN,0.329,0.328,OPEN,0.334,0.325,12,3,0,0.21
337301103,486,0.323,0.326,OPEN,0.338,0.334,OPEN,0.331,0.33,12,3,0,0.21
337301152,487,0.323,0.33,OPEN,0.338,0.337,OPEN,0.331,0.334,12,3,0,0.21
337301193,488,0.323,0.326,OPEN,0.327,0.334,OPEN,0.325,0.33,12,3,0,0.21
337301233,489,0.338,0.329,OPEN,0.327,0.332,OPEN,0.333,0.331,12,3,0,0.21
337301277,490,0.351,0.332,OPEN,0.338,0.334,OPEN,0.345,0.333,12,3,0,0.21
337301320,491,0.334,0.334,OPEN,0.327,0.331,OPEN,0.331,0.333,12,3,0,0.21
337301370,492,0.334,0.336,OPEN,0.338,0.331,OPEN,0.336,0.334,12,3,0,0.21
337301416,493,0.318,0.335,OPEN,0.327,0.331,OPEN,0.323,0.333,12,3,0,0.21
337301454,494,0.318,0.331,OPEN,0.326,0.331,OPEN,0.322,0.331,12,3,0,0.21
337301505,495,0.339,0.329,OPEN,0.326,0.329,OPEN,0.333,0.329,12,3,0,0.21
337301543,496,0.353,0.332,OPEN,0.31,0.325,OPEN,0.332,0.329,12,3,0,0.21
337301590,497,0.318,0.329,OPEN,0.321,0.322,OPEN,0.32,0.326,12,3,0,0.21
337301627,498,0.324,0.33,OPEN,0.337,0.324,OPEN,0.331,0.327,12,3,0,0.21
337301666,499,0.335,0.334,OPEN,0.337,0.326,OPEN,0.336,0.33,12,3,0,0.21
337301709,500,0.337,0.333,OPEN,0.326,0.326,OPEN,0.332,0.33,12,3,0,0.21
337301757,501,0.335,0.33,OPEN,0.337,0.332,OPEN,0.336,0.331,12,3,0,0.21
337301796,502,0.324,0.331,OPEN,0.326,0.333,OPEN,0.325,0.332,12,3,0,0.21
337301844,503,0.335,0.333,OPEN,0.327,0.331,OPEN,0.331,0.332,12,3,0,0.21
337301883,504,0.308,0.328,OPEN,0.326,0.328,OPEN,0.317,0.328,12,3,0,0.21
337301929,505,0.324,0.325,OPEN,0.311,0.325,OPEN,0.318,0.325,12,3,0,0.21
337301969,506,0.324,0.323,OPEN,0.311,0.32,OPEN,0.318,0.322,12,3,0,0.21
337302013,507,0.34,0.326,OPEN,0.311,0.317,OPEN,0.326,0.322,12,3,0,0.21
337302054,508,0.34,0.327,OPEN,0.311,0.314,OPEN,0.326,0.321,12,3,0,0.21
337302098,509,0.324,0.33,OPEN,0.311,0.311,OPEN,0.318,0.321,12,3,0,0.21
337302141,510,0.337,0.333,OPEN,0.311,0.311,OPEN,0.324,0.322,12,3,0,0.21
337302184,511,0.323,0.333,OPEN,0.323,0.313,OPEN,0.323,0.323,12,3,0,0.21
337302228,512,0.335,0.332,OPEN,0.312,0.314,OPEN,0.324,0.323,12,3,0,0.21
337302273,513,0.339,0.332,OPEN,0.311,0.314,OPEN,0.325,0.323,12,3,0,0.21
337302315,514,0.334,0.334,OPEN,0.326,0.317,OPEN,0.33,0.326,12,3,0,0.21
337302357,515,0.334,0.333,OPEN,0.32,0.318,OPEN,0.327,0.326,12,3,0,0.21
337302408,516,0.292,0.327,OPEN,0.283,0.31,OPEN,0.287,0.319,12,3,0,0.21
337302444,517,0.034,0.267,OPEN,0.032,0.254,OPEN,0.033,0.261,12,3,0,0.21
337302490,518,0.017,0.202,CLOSED,0.0,0.192,CLOSED,0.009,0.197,12,3,0,0.21
337302530,519,0.016,0.139,CLOSED,0.053,0.138,CLOSED,0.035,0.139,12,3,0,0.21
337302573,520,0.062,0.084,CLOSED,0.082,0.09,CLOSED,0.072,0.087,12,3,0,0.21
337302624,521,0.078,0.041,CLOSED,0.127,0.059,CLOSED,0.103,0.05,12,3,0,0.21
337302660,522,0.076,0.05,CLOSED,0.121,0.077,CLOSED,0.099,0.064,12,3,0,0.21
337302703,523,0.076,0.062,CLOSED,0.121,0.101,CLOSED,0.099,0.082,12,3,0,0.21
337302747,524,0.123,0.083,CLOSED,0.167,0.124,CLOSED,0.145,0.104,12,3,0,0.21
337302789,525,0.121,0.095,CLOSED,0.167,0.141,CLOSED,0.144,0.118,12,3,0,0.21
337302849,526,0.06,0.091,CLOSED,0.103,0.136,CLOSED,0.081,0.114,12,3,0,0.21
337302920,527,0.113,0.099,CLOSED,0.179,0.147,CLOSED,0.146,0.123,12,3,0,0.21
337302963,528,0.235,0.13,CLOSED,0.267,0.177,CLOSED,0.251,0.153,12,3,0,0.21
337303006,529,0.3,0.166,CLOSED,0.299,0.203,CLOSED,0.299,0.184,12,3,0,0.21
337303053,530,0.291,0.2,CLOSED,0.306,0.231,OPEN,0.298,0.216,13,3,0,0.21
337303093,531,0.332,0.254,OPEN,0.331,0.276,OPEN,0.332,0.265,13,3,0,0.21
337303138,532,0.321,0.296,OPEN,0.321,0.305,OPEN,0.321,0.3,13,3,0,0.21
337303183,533,0.305,0.31,OPEN,0.321,0.316,OPEN,0.313,0.313,13,3,0,0.21
337303224,534,0.305,0.311,OPEN,0.333,0.322,OPEN,0.319,0.317,13,3,0,0.21
337303270,535,0.299,0.312,OPEN,0.329,0.327,OPEN,0.314,0.32,13,3,0,0.21
337303312,536,0.061,0.258,OPEN,0.102,0.281,OPEN,0.081,0.27,13,3,0,0.21
337303357,537,0.0,0.194,CLOSED,0.031,0.223,OPEN,0.015,0.209,13,3,0,0.21
337303400,538,0.015,0.136,CLOSED,0.038,0.167,CLOSED,0.026,0.152,13,3,0,0.21
337303441,539,0.123,0.1,CLOSED,0.137,0.127,CLOSED,0.13,0.114,13,3,0,0.21
337303485,540,0.187,0.077,CLOSED,0.239,0.109,CLOSED,0.213,0.093,13,3,0,0.21
337303527,541,0.219,0.109,CLOSED,0.288,0.147,CLOSED,0.254,0.128,13,3,0,0.21
337303570,542,0.264,0.162,CLOSED,0.295,0.199,CLOSED,0.279,0.18,13,3,0,0.21
337303613,543,0.279,0.214,OPEN,0.312,0.254,OPEN,0.295,0.234,14,3,0,0.21
337303656,544,0.285,0.247,OPEN,0.302,0.287,OPEN,0.293,0.267,14,3,0,0.21
337303701,545,0.256,0.261,OPEN,0.321,0.304,OPEN,0.288,0.282,14,3,0,0.21
337303743,546,0.271,0.271,OPEN,0.301,0.306,OPEN,0.286,0.288,14,3,0,0.21
337303786,547,0.255,0.269,OPEN,0.295,0.306,OPEN,0.275,0.287,14,3,0,0.21
337303835,548,0.27,0.267,OPEN,0.307,0.305,OPEN,0.288,0.286,14,3,0,0.21
337303876,549,0.285,0.267,OPEN,0.31,0.307,OPEN,0.297,0.287,14,3,0,0.21
337303921,550,0.271,0.27,OPEN,0.304,0.303,OPEN,0.287,0.286,14,3,0,0.21
337303965,551,0.255,0.267,OPEN,0.304,0.304,OPEN,0.279,0.285,14,3,0,0.21
337304008,552,0.256,0.267,OPEN,0.294,0.304,OPEN,0.275,0.285,14,3,0,0.21
337304054,553,0.285,0.27,OPEN,0.307,0.304,OPEN,0.296,0.287,14,3,0,0.21
337304099,554,0.271,0.268,OPEN,0.307,0.303,OPEN,0.289,0.285,14,3,0,0.21
337304141,555,0.272,0.268,OPEN,0.306,0.304,OPEN,0.289,0.286,14,3,0,0.21
337304185,556,0.257,0.268,OPEN,0.303,0.303,OPEN,0.28,0.285,14,3,0,0.21
337304229,557,0.285,0.274,OPEN,0.322,0.309,OPEN,0.303,0.291,14,3,0,0.21
337304271,558,0.285,0.274,OPEN,0.307,0.309,OPEN,0.296,0.291,14,3,0,0.21
337304311,559,0.277,0.275,OPEN,0.307,0.309,OPEN,0.292,0.292,14,3,0,0.21
337304354,560,0.277,0.276,OPEN,0.314,0.311,OPEN,0.295,0.293,14,3,0,0.21
337304401,561,0.285,0.282,OPEN,0.318,0.314,OPEN,0.301,0.298,14,3,0,0.21
337304437,562,0.285,0.282,OPEN,0.322,0.314,OPEN,0.303,0.298,14,3,0,0.21
337304478,563,0.277,0.28,OPEN,0.32,0.316,OPEN,0.298,0.298,14,3,0,0.21
337304520,564,0.285,0.282,OPEN,0.32,0.319,OPEN,0.302,0.3,14,3,0,0.21
337304576,565,0.285,0.283,OPEN,0.317,0.319,OPEN,0.301,0.301,14,3,0,0.21
337304617,566,0.285,0.283,OPEN,0.319,0.32,OPEN,0.302,0.301,14,3,0,0.21
337304660,567,0.285,0.283,OPEN,0.319,0.319,OPEN,0.302,0.301,14,3,0,0.21
337304694,568,0.285,0.285,OPEN,0.319,0.319,OPEN,0.302,0.302,14,3,0,0.21
337304737,569,0.285,0.285,OPEN,0.319,0.319,OPEN,0.302,0.302,14,3,0,0.21
337304781,570,0.285,0.285,OPEN,0.319,0.319,OPEN,0.302,0.302,14,3,0,0.21
337304836,571,0.285,0.285,OPEN,0.319,0.319,OPEN,0.302,0.302,14,3,0,0.21
337304873,572,0.285,0.285,OPEN,0.319,0.319,OPEN,0.302,0.302,14,3,0,0.21
337304910,573,0.285,0.285,OPEN,0.303,0.316,OPEN,0.294,0.3,14,3,0,0.21
337304953,574,0.285,0.285,OPEN,0.301,0.312,OPEN,0.293,0.298,14,3,0,0.21
337304997,575,0.285,0.285,OPEN,0.301,0.309,OPEN,0.293,0.297,14,3,0,0.21
337305050,576,0.285,0.285,OPEN,0.304,0.306,OPEN,0.294,0.295,14,3,0,0.21
337305089,577,0.283,0.285,OPEN,0.304,0.303,OPEN,0.293,0.294,14,3,0,0.21
337305126,578,0.285,0.285,OPEN,0.33,0.308,OPEN,0.307,0.296,14,3,0,0.21
337305169,579,0.285,0.285,OPEN,0.33,0.314,OPEN,0.307,0.299,14,3,0,0.21
337305218,580,0.315,0.291,OPEN,0.331,0.32,OPEN,0.323,0.305,14,3,0,0.21
337305256,581,0.283,0.29,OPEN,0.314,0.322,OPEN,0.298,0.306,14,3,0,0.21
337305315,582,0.285,0.291,OPEN,0.347,0.33,OPEN,0.316,0.31,14,3,0,0.21
337305403,583,0.305,0.295,OPEN,0.32,0.328,OPEN,0.312,0.311,14,3,0,0.21
337305480,584,0.3,0.298,OPEN,0.312,0.325,OPEN,0.306,0.311,14,3,0,0.21
337305522,585,0.27,0.289,OPEN,0.294,0.317,OPEN,0.282,0.303,14,3,0,0.21
337305566,586,0.198,0.272,OPEN,0.207,0.296,OPEN,0.203,0.284,14,3,0,0.21
337305605,587,0.088,0.232,OPEN,0.096,0.246,OPEN,0.092,0.239,14,3,0,0.21
337305647,588,0.076,0.186,CLOSED,0.105,0.203,CLOSED,0.09,0.195,14,3,0,0.21
337305691,589,0.219,0.17,CLOSED,0.252,0.191,CLOSED,0.235,0.18,14,3,0,0.21
337305734,590,0.28,0.172,CLOSED,0.302,0.192,CLOSED,0.291,0.182,14,3,0,0.21
337305777,591,0.295,0.192,CLOSED,0.334,0.218,OPEN,0.315,0.205,15,3,0,0.21
337305821,592,0.304,0.235,OPEN,0.308,0.26,OPEN,0.306,0.247,15,3,0,0.21
337305866,593,0.321,0.284,OPEN,0.323,0.304,OPEN,0.322,0.294,15,3,0,0.21
337305907,594,0.304,0.301,OPEN,0.324,0.318,OPEN,0.314,0.309,15,3,0,0.21
337305948,595,0.304,0.306,OPEN,0.306,0.319,OPEN,0.305,0.312,15,3,0,0.21
337305993,596,0.305,0.308,OPEN,0.323,0.317,OPEN,0.314,0.312,15,3,0,0.21
337306035,597,0.305,0.308,OPEN,0.306,0.316,OPEN,0.305,0.312,15,3,0,0.21
337306079,598,0.333,0.31,OPEN,0.322,0.316,OPEN,0.328,0.313,15,3,0,0.21
337306122,599,0.332,0.316,OPEN,0.322,0.316,OPEN,0.327,0.316,15,3,0,0.21
337306168,600,0.321,0.319,OPEN,0.333,0.321,OPEN,0.327,0.32,15,3,0,0.21
337306208,601,0.317,0.322,OPEN,0.35,0.327,OPEN,0.334,0.325,15,3,0,0.21
337306260,602,0.316,0.324,OPEN,0.318,0.329,OPEN,0.317,0.327,15,3,0,0.21
337306302,603,0.333,0.324,OPEN,0.349,0.334,OPEN,0.341,0.329,15,3,0,0.21
337306346,604,0.317,0.321,OPEN,0.349,0.34,OPEN,0.333,0.331,15,3,0,0.21
337306388,605,0.333,0.323,OPEN,0.333,0.34,OPEN,0.333,0.332,15,3,0,0.21
337306429,606,0.323,0.324,OPEN,0.323,0.334,OPEN,0.323,0.329,15,3,0,0.21
337306479,607,0.35,0.331,OPEN,0.349,0.341,OPEN,0.349,0.336,15,3,0,0.21
337306522,608,0.35,0.335,OPEN,0.348,0.34,OPEN,0.349,0.338,15,3,0,0.21
337306561,609,0.333,0.338,OPEN,0.348,0.34,OPEN,0.341,0.339,15,3,0,0.21
337306606,610,0.334,0.338,OPEN,0.348,0.343,OPEN,0.341,0.341,15,3,0,0.21
337306650,611,0.334,0.34,OPEN,0.349,0.348,OPEN,0.342,0.344,15,3,0,0.21
337306693,612,0.351,0.34,OPEN,0.349,0.348,OPEN,0.35,0.344,15,3,0,0.21
337306731,613,0.35,0.34,OPEN,0.349,0.349,OPEN,0.349,0.345,15,3,0,0.21
337306775,614,0.349,0.344,OPEN,0.337,0.346,OPEN,0.343,0.345,15,3,0,0.21
337306816,615,0.332,0.343,OPEN,0.323,0.341,OPEN,0.328,0.342,15,3,0,0.21
337306862,616,0.345,0.345,OPEN,0.349,0.341,OPEN,0.347,0.343,15,3,0,0.21
337306908,617,0.362,0.348,OPEN,0.338,0.339,OPEN,0.35,0.344,15,3,0,0.21
337306954,618,0.363,0.35,OPEN,0.322,0.334,OPEN,0.343,0.342,15,3,0,0.21
337306997,619,0.363,0.353,OPEN,0.338,0.334,OPEN,0.351,0.344,15,3,0,0.21
337307035,620,0.365,0.36,OPEN,0.349,0.339,OPEN,0.357,0.35,15,3,0,0.21
337307080,621,0.334,0.357,OPEN,0.337,0.337,OPEN,0.336,0.347,15,3,0,0.21
337307117,622,0.317,0.348,OPEN,0.337,0.337,OPEN,0.327,0.343,15,3,0,0.21
337307166,623,0.317,0.339,OPEN,0.348,0.342,OPEN,0.333,0.341,15,3,0,0.21
337307212,624,0.334,0.333,OPEN,0.349,0.344,OPEN,0.342,0.339,15,3,0,0.21
337307254,625,0.334,0.327,OPEN,0.349,0.344,OPEN,0.342,0.336,15,3,0,0.21
337307296,626,0.353,0.331,OPEN,0.348,0.346,OPEN,0.35,0.339,15,3,0,0.21
337307337,627,0.329,0.333,OPEN,0.299,0.339,OPEN,0.314,0.336,15,3,0,0.21
337307376,628,0.073,0.285,OPEN,0.119,0.293,OPEN,0.096,0.289,15,3,0,0.21
337307419,629,0.033,0.224,OPEN,0.087,0.24,OPEN,0.06,0.232,15,3,0,0.21
337307463,630,0.103,0.178,CLOSED,0.121,0.195,CLOSED,0.112,0.186,15,3,0,0.21
337307509,631,0.142,0.136,CLOSED,0.172,0.16,CLOSED,0.157,0.148,15,3,0,0.21
337307551,632,0.225,0.115,CLOSED,0.218,0.143,CLOSED,0.222,0.129,15,3,0,0.21
337307596,633,0.26,0.153,CLOSED,0.266,0.173,CLOSED,0.263,0.163,15,3,0,0.21
337307638,634,0.295,0.205,CLOSED,0.266,0.209,CLOSED,0.28,0.207,15,3,0,0.21
337307685,635,0.295,0.243,OPEN,0.274,0.239,OPEN,0.284,0.241,16,3,0,0.21
337307729,636,0.312,0.277,OPEN,0.274,0.26,OPEN,0.293,0.269,16,3,0,0.21
337307770,637,0.318,0.296,OPEN,0.29,0.274,OPEN,0.304,0.285,16,3,0,0.21
337307814,638,0.318,0.308,OPEN,0.29,0.279,OPEN,0.304,0.293,16,3,0,0.21
337307854,639,0.301,0.309,OPEN,0.316,0.289,OPEN,0.308,0.299,16,3,0,0.21
337307896,640,0.285,0.307,OPEN,0.29,0.292,OPEN,0.287,0.299,16,3,0,0.21
337307939,641,0.301,0.305,OPEN,0.315,0.3,OPEN,0.308,0.302,16,3,0,0.21
337307982,642,0.31,0.303,OPEN,0.299,0.302,OPEN,0.304,0.302,16,3,0,0.21
337308025,643,0.328,0.305,OPEN,0.31,0.306,OPEN,0.319,0.305,16,3,0,0.21
337308068,644,0.327,0.31,OPEN,0.31,0.305,OPEN,0.319,0.307,16,3,0,0.21
337308112,645,0.299,0.313,OPEN,0.3,0.307,OPEN,0.299,0.31,16,3,0,0.21
337308154,646,0.315,0.316,OPEN,0.316,0.307,OPEN,0.316,0.311,16,3,0,0.21
337308199,647,0.306,0.315,OPEN,0.317,0.311,OPEN,0.311,0.313,16,3,0,0.21
337308240,648,0.305,0.31,OPEN,0.299,0.308,OPEN,0.302,0.309,16,3,0,0.21
337308283,649,0.306,0.306,OPEN,0.299,0.306,OPEN,0.302,0.306,16,3,0,0.21
337308327,650,0.305,0.307,OPEN,0.299,0.306,OPEN,0.302,0.306,16,3,0,0.21
337308370,651,0.315,0.307,OPEN,0.318,0.306,OPEN,0.317,0.306,16,3,0,0.21
337308413,652,0.317,0.31,OPEN,0.334,0.31,OPEN,0.326,0.31,16,3,0,0.21
337308456,653,0.334,0.315,OPEN,0.334,0.317,OPEN,0.334,0.316,16,3,0,0.21
337308506,654,0.317,0.318,OPEN,0.333,0.324,OPEN,0.325,0.321,16,3,0,0.21
337308547,655,0.306,0.318,OPEN,0.315,0.327,OPEN,0.31,0.323,16,3,0,0.21
337308587,656,0.305,0.316,OPEN,0.299,0.323,OPEN,0.302,0.32,16,3,0,0.21
337308630,657,0.306,0.314,OPEN,0.334,0.323,OPEN,0.32,0.319,16,3,0,0.21
337308673,658,0.323,0.311,OPEN,0.333,0.323,OPEN,0.328,0.317,16,3,0,0.21
337308717,659,0.305,0.309,OPEN,0.317,0.32,OPEN,0.311,0.315,16,3,0,0.21
337308761,660,0.306,0.309,OPEN,0.299,0.316,OPEN,0.302,0.312,16,3,0,0.21
337308803,661,0.305,0.309,OPEN,0.334,0.323,OPEN,0.32,0.316,16,3,0,0.21
337308846,662,0.296,0.307,OPEN,0.317,0.32,OPEN,0.306,0.314,16,3,0,0.21
337308890,663,0.305,0.303,OPEN,0.307,0.315,OPEN,0.306,0.309,16,3,0,0.21
337308932,664,0.296,0.302,OPEN,0.316,0.315,OPEN,0.306,0.308,16,3,0,0.21
337308975,665,0.296,0.3,OPEN,0.308,0.316,OPEN,0.302,0.308,16,3,0,0.21
337309018,666,0.306,0.3,OPEN,0.318,0.313,OPEN,0.312,0.306,16,3,0,0.21
337309072,667,0.296,0.3,OPEN,0.317,0.313,OPEN,0.306,0.306,16,3,0,0.21
337309105,668,0.296,0.298,OPEN,0.307,0.313,OPEN,0.301,0.305,16,3,0,0.21
337309149,669,0.296,0.298,OPEN,0.308,0.312,OPEN,0.302,0.305,16,3,0,0.21
337309207,670,0.312,0.301,OPEN,0.317,0.313,OPEN,0.315,0.307,16,3,0,0.21
337309236,671,0.312,0.302,OPEN,0.307,0.311,OPEN,0.309,0.306,16,3,0,0.21
337309279,672,0.327,0.309,OPEN,0.317,0.311,OPEN,0.322,0.31,16,3,0,0.21
337309322,673,0.327,0.315,OPEN,0.317,0.313,OPEN,0.322,0.314,16,3,0,0.21
337309370,674,0.322,0.32,OPEN,0.318,0.315,OPEN,0.32,0.318,16,3,0,0.21
337309408,675,0.225,0.303,OPEN,0.219,0.296,OPEN,0.222,0.299,16,3,0,0.21
337309453,676,0.064,0.253,OPEN,0.081,0.25,OPEN,0.073,0.252,16,3,0,0.21
337309494,677,0.016,0.191,CLOSED,0.083,0.204,CLOSED,0.05,0.198,16,3,0,0.21
337309537,678,0.209,0.167,CLOSED,0.235,0.187,CLOSED,0.222,0.177,16,3,0,0.21
337309581,679,0.291,0.161,CLOSED,0.317,0.187,CLOSED,0.304,0.174,16,3,0,0.21
337309624,680,0.29,0.174,CLOSED,0.351,0.213,OPEN,0.321,0.194,17,3,0,0.21
337309667,681,0.315,0.224,OPEN,0.316,0.26,OPEN,0.316,0.242,17,3,0,0.21
337309724,682,0.3,0.281,OPEN,0.307,0.305,OPEN,0.303,0.293,17,3,0,0.21
337309757,683,0.315,0.302,OPEN,0.307,0.32,OPEN,0.311,0.311,17,3,0,0.21
337309798,684,0.3,0.304,OPEN,0.317,0.32,OPEN,0.308,0.312,17,3,0,0.21
337309841,685,0.318,0.31,OPEN,0.317,0.313,OPEN,0.318,0.311,17,3,0,0.21
337309887,686,0.31,0.309,OPEN,0.316,0.313,OPEN,0.313,0.311,17,3,0,0.21
337309928,687,0.284,0.305,OPEN,0.317,0.315,OPEN,0.3,0.31,17,3,0,0.21
337309971,688,0.31,0.304,OPEN,0.318,0.317,OPEN,0.314,0.31,17,3,0,0.21
337310013,689,0.3,0.304,OPEN,0.301,0.314,OPEN,0.3,0.309,17,3,0,0.21
337310057,690,0.3,0.301,OPEN,0.335,0.317,OPEN,0.318,0.309,17,3,0,0.21
337310099,691,0.3,0.299,OPEN,0.318,0.318,OPEN,0.309,0.308,17,3,0,0.21
337310149,692,0.299,0.302,OPEN,0.318,0.318,OPEN,0.308,0.31,17,3,0,0.21
337310186,693,0.327,0.305,OPEN,0.318,0.318,OPEN,0.323,0.311,17,3,0,0.21
337310229,694,0.328,0.311,OPEN,0.334,0.325,OPEN,0.331,0.318,17,3,0,0.21
337310276,695,0.326,0.316,OPEN,0.334,0.324,OPEN,0.33,0.32,17,3,0,0.21
337310316,696,0.338,0.324,OPEN,0.328,0.326,OPEN,0.333,0.325,17,3,0,0.21
337310359,697,0.326,0.329,OPEN,0.329,0.329,OPEN,0.328,0.329,17,3,0,0.21
337310402,698,0.328,0.329,OPEN,0.329,0.331,OPEN,0.329,0.33,17,3,0,0.21
337310446,699,0.303,0.324,OPEN,0.329,0.33,OPEN,0.316,0.327,17,3,0,0.21
337310489,700,0.071,0.273,OPEN,0.125,0.288,OPEN,0.098,0.28,17,3,0,0.21
337310539,701,0.054,0.216,OPEN,0.138,0.25,OPEN,0.096,0.233,17,3,0,0.21
337310575,702,0.143,0.18,CLOSED,0.196,0.223,OPEN,0.169,0.202,17,3,0,0.21
337310632,703,0.18,0.15,CLOSED,0.232,0.204,CLOSED,0.206,0.177,17,3,0,0.21
337310669,704,0.206,0.131,CLOSED,0.25,0.188,CLOSED,0.228,0.16,17,3,0,0.21
337310712,705,0.232,0.163,CLOSED,0.26,0.215,OPEN,0.246,0.189,18,3,0,0.21
337310757,706,0.226,0.197,CLOSED,0.277,0.243,OPEN,0.252,0.22,18,3,0,0.21
337310797,707,0.225,0.214,OPEN,0.294,0.263,OPEN,0.26,0.238,18,3,0,0.21
337310840,708,0.251,0.228,OPEN,0.31,0.278,OPEN,0.28,0.253,18,3,0,0.21
337310884,709,0.27,0.241,OPEN,0.327,0.294,OPEN,0.298,0.267,18,3,0,0.21
337310930,710,0.287,0.252,OPEN,0.345,0.311,OPEN,0.316,0.281,18,3,0,0.21
337310967,711,0.287,0.264,OPEN,0.345,0.324,OPEN,0.316,0.294,18,3,0,0.21
337311009,712,0.305,0.28,OPEN,0.328,0.331,OPEN,0.317,0.305,18,3,0,0.21
337311053,713,0.305,0.291,OPEN,0.329,0.335,OPEN,0.317,0.313,18,3,0,0.21
337311096,714,0.305,0.298,OPEN,0.329,0.335,OPEN,0.317,0.317,18,3,0,0.21
337311139,715,0.294,0.299,OPEN,0.318,0.33,OPEN,0.306,0.315,18,3,0,0.21
337311190,716,0.294,0.301,OPEN,0.318,0.324,OPEN,0.306,0.312,18,3,0,0.21
337311233,717,0.293,0.298,OPEN,0.318,0.322,OPEN,0.305,0.31,18,3,0,0.21
337311276,718,0.31,0.299,OPEN,0.333,0.323,OPEN,0.322,0.311,18,3,0,0.21
337311317,719,0.317,0.302,OPEN,0.333,0.324,OPEN,0.325,0.313,18,3,0,0.21
337311362,720,0.329,0.309,OPEN,0.344,0.329,OPEN,0.337,0.319,18,3,0,0.21
337311405,721,0.3,0.31,OPEN,0.326,0.331,OPEN,0.313,0.321,18,3,0,0.21
337311449,722,0.326,0.316,OPEN,0.333,0.334,OPEN,0.33,0.325,18,3,0,0.21
337311491,723,0.35,0.324,OPEN,0.338,0.335,OPEN,0.344,0.33,18,3,0,0.21
337311530,724,0.333,0.328,OPEN,0.323,0.333,OPEN,0.328,0.331,18,3,0,0.21
337311572,725,0.323,0.326,OPEN,0.348,0.334,OPEN,0.336,0.33,18,3,0,0.21
337311614,726,0.308,0.328,OPEN,0.322,0.333,OPEN,0.315,0.331,18,3,0,0.21
337311660,727,0.307,0.324,OPEN,0.339,0.334,OPEN,0.323,0.329,18,3,0,0.21
337311701,728,0.322,0.319,OPEN,0.312,0.329,OPEN,0.317,0.324,18,3,0,0.21
337311744,729,0.328,0.318,OPEN,0.329,0.33,OPEN,0.329,0.324,18,3,0,0.21
337311788,730,0.318,0.317,OPEN,0.306,0.322,OPEN,0.312,0.32,18,3,0,0.21
337311830,731,0.313,0.318,OPEN,0.323,0.322,OPEN,0.318,0.32,18,3,0,0.21
337311878,732,0.312,0.319,OPEN,0.322,0.318,OPEN,0.317,0.319,18,3,0,0.21
337311917,733,0.329,0.32,OPEN,0.323,0.321,OPEN,0.326,0.321,18,3,0,0.21
337311959,734,0.339,0.322,OPEN,0.366,0.328,OPEN,0.353,0.325,18,3,0,0.21
337312003,735,0.34,0.327,OPEN,0.349,0.337,OPEN,0.345,0.332,18,3,0,0.21
337312046,736,0.313,0.327,OPEN,0.323,0.337,OPEN,0.318,0.332,18,3,0,0.21
337312089,737,0.312,0.327,OPEN,0.333,0.339,OPEN,0.323,0.333,18,3,0,0.21
337312143,738,0.296,0.32,OPEN,0.317,0.338,OPEN,0.306,0.329,18,3,0,0.21
337312177,739,0.296,0.311,OPEN,0.317,0.328,OPEN,0.306,0.32,18,3,0,0.21
337312220,740,0.306,0.305,OPEN,0.316,0.321,OPEN,0.311,0.313,18,3,0,0.21
337312262,741,0.306,0.303,OPEN,0.316,0.32,OPEN,0.311,0.311,18,3,0,0.21
337312306,742,0.296,0.3,OPEN,0.316,0.316,OPEN,0.306,0.308,18,3,0,0.21
337312357,743,0.313,0.303,OPEN,0.333,0.32,OPEN,0.323,0.311,18,3,0,0.21
337312392,744,0.296,0.303,OPEN,0.299,0.316,OPEN,0.297,0.309,18,3,0,0.21
337312436,745,0.313,0.305,OPEN,0.317,0.316,OPEN,0.315,0.31,18,3,0,0.21
337312478,746,0.296,0.303,OPEN,0.299,0.313,OPEN,0.297,0.308,18,3,0,0.21
337312522,747,0.296,0.303,OPEN,0.299,0.309,OPEN,0.297,0.306,18,3,0,0.21
337312573,748,0.305,0.301,OPEN,0.299,0.303,OPEN,0.302,0.302,18,3,0,0.21
337312608,749,0.306,0.303,OPEN,0.299,0.303,OPEN,0.302,0.303,18,3,0,0.21
337312657,750,0.307,0.302,OPEN,0.299,0.299,OPEN,0.303,0.3,18,3,0,0.21
337312695,751,0.307,0.304,OPEN,0.299,0.299,OPEN,0.303,0.301,18,3,0,0.21
337312738,752,0.297,0.304,OPEN,0.316,0.302,OPEN,0.306,0.303,18,3,0,0.21
337312789,753,0.313,0.306,OPEN,0.333,0.309,OPEN,0.323,0.307,18,3,0,0.21
337312825,754,0.339,0.313,OPEN,0.323,0.314,OPEN,0.331,0.314,18,3,0,0.21
337312868,755,0.204,0.292,OPEN,0.203,0.295,OPEN,0.204,0.293,18,3,0,0.21
337312922,756,0.037,0.238,OPEN,0.032,0.241,OPEN,0.035,0.239,18,3,0,0.21
337312954,757,0.03,0.185,CLOSED,0.016,0.181,CLOSED,0.023,0.183,18,3,0,0.21
337312998,758,0.049,0.132,CLOSED,0.064,0.128,CLOSED,0.057,0.13,18,3,0,0.21
337313043,759,0.082,0.08,CLOSED,0.097,0.082,CLOSED,0.089,0.081,18,3,0,0.21
337313084,760,0.161,0.072,CLOSED,0.147,0.071,CLOSED,0.154,0.071,18,3,0,0.21
337313128,761,0.21,0.106,CLOSED,0.211,0.107,CLOSED,0.21,0.106,18,3,0,0.21
337313171,762,0.242,0.149,CLOSED,0.228,0.149,CLOSED,0.235,0.149,18,3,0,0.21
337313215,763,0.274,0.194,CLOSED,0.269,0.19,CLOSED,0.272,0.192,18,3,0,0.21
337313257,764,0.29,0.235,OPEN,0.292,0.229,OPEN,0.291,0.232,19,3,0,0.21
337313300,765,0.318,0.267,OPEN,0.327,0.265,OPEN,0.323,0.266,19,3,0,0.21
337313344,766,0.301,0.285,OPEN,0.333,0.29,OPEN,0.317,0.287,19,3,0,0.21
337313393,767,0.29,0.295,OPEN,0.323,0.309,OPEN,0.306,0.302,19,3,0,0.21
337313430,768,0.292,0.298,OPEN,0.306,0.316,OPEN,0.299,0.307,19,3,0,0.21
337313474,769,0.316,0.303,OPEN,0.323,0.322,OPEN,0.32,0.312,19,3,0,0.21
337313517,770,0.35,0.31,OPEN,0.353,0.328,OPEN,0.351,0.319,19,3,0,0.21
337313560,771,0.416,0.333,OPEN,0.406,0.342,OPEN,0.411,0.338,19,3,0,0.21
337313610,772,0.432,0.361,OPEN,0.405,0.359,OPEN,0.418,0.36,19,3,0,0.21
337313646,773,0.418,0.386,OPEN,0.422,0.382,OPEN,0.42,0.384,19,3,0,0.21
337313690,774,0.403,0.404,OPEN,0.379,0.393,OPEN,0.391,0.399,19,3,0,0.21
337313735,775,0.451,0.424,OPEN,0.424,0.407,OPEN,0.438,0.415,19,3,0,0.21
337313777,776,0.467,0.434,OPEN,0.423,0.411,OPEN,0.445,0.422,19,3,0,0.21
337313820,777,0.402,0.428,OPEN,0.391,0.408,OPEN,0.397,0.418,19,3,0,0.21
337313863,778,0.113,0.367,OPEN,0.113,0.346,OPEN,0.113,0.356,19,3,0,0.21
337313906,779,0.016,0.29,OPEN,0.015,0.273,OPEN,0.015,0.281,19,3,0,0.21
337313955,780,0.031,0.206,CLOSED,0.03,0.194,CLOSED,0.03,0.2,19,3,0,0.21
337313993,781,0.021,0.117,CLOSED,0.015,0.113,CLOSED,0.018,0.115,19,3,0,0.21
337314038,782,0.0,0.036,CLOSED,0.0,0.035,CLOSED,0.0,0.036,19,3,0,0.21
337314079,783,0.173,0.048,CLOSED,0.136,0.039,CLOSED,0.154,0.043,19,3,0,0.21
337314122,784,0.204,0.086,CLOSED,0.205,0.077,CLOSED,0.204,0.081,19,3,0,0.21
337314177,785,0.25,0.13,CLOSED,0.227,0.117,CLOSED,0.238,0.123,19,3,0,0.21
337314209,786,0.267,0.179,CLOSED,0.259,0.165,CLOSED,0.263,0.172,19,3,0,0.21
337314254,787,0.295,0.238,OPEN,0.28,0.221,OPEN,0.287,0.229,20,3,0,0.21
337314296,788,0.324,0.268,OPEN,0.272,0.249,OPEN,0.298,0.259,20,3,0,0.21
337314348,789,0.35,0.297,OPEN,0.305,0.269,OPEN,0.328,0.283,20,3,0,0.21
337314390,790,0.365,0.32,OPEN,0.347,0.293,OPEN,0.356,0.306,20,3,0,0.21
337314433,791,0.355,0.338,OPEN,0.349,0.311,OPEN,0.352,0.325,20,3,0,0.21
337314479,792,0.383,0.355,OPEN,0.376,0.33,OPEN,0.38,0.343,20,3,0,0.21
337314520,793,0.385,0.368,OPEN,0.365,0.348,OPEN,0.375,0.358,20,3,0,0.21
337314565,794,0.4,0.378,OPEN,0.374,0.362,OPEN,0.387,0.37,20,3,0,0.21
337314608,795,0.4,0.385,OPEN,0.392,0.371,OPEN,0.396,0.378,20,3,0,0.21
337314653,796,0.387,0.391,OPEN,0.392,0.38,OPEN,0.39,0.386,20,3,0,0.21
337314693,797,0.402,0.395,OPEN,0.381,0.381,OPEN,0.392,0.388,20,3,0,0.21
337314740,798,0.401,0.398,OPEN,0.384,0.385,OPEN,0.393,0.392,20,3,0,0.21
337314779,799,0.416,0.401,OPEN,0.397,0.389,OPEN,0.406,0.395,20,3,0,0.21
337314823,800,0.43,0.407,OPEN,0.396,0.39,OPEN,0.413,0.398,20,3,0,0.21
337314868,801,0.391,0.408,OPEN,0.373,0.386,OPEN,0.382,0.397,20,3,0,0.21
337314909,802,0.417,0.411,OPEN,0.395,0.389,OPEN,0.406,0.4,20,3,0,0.21
337314953,803,0.406,0.412,OPEN,0.386,0.389,OPEN,0.396,0.4,20,3,0,0.21
337314997,804,0.407,0.41,OPEN,0.387,0.387,OPEN,0.397,0.398,20,3,0,0.21
337315042,805,0.407,0.406,OPEN,0.398,0.388,OPEN,0.402,0.397,20,3,0,0.21
337315085,806,0.397,0.407,OPEN,0.377,0.389,OPEN,0.387,0.398,20,3,0,0.21
337315126,807,0.397,0.403,OPEN,0.377,0.385,OPEN,0.387,0.394,20,3,0,0.21
337315172,808,0.317,0.385,OPEN,0.281,0.364,OPEN,0.299,0.374,20,3,0,0.21
337315213,809,0.097,0.323,OPEN,0.112,0.309,OPEN,0.105,0.316,20,3,0,0.21
337315255,810,0.042,0.25,OPEN,0.046,0.239,OPEN,0.044,0.244,20,3,0,0.21
337315301,811,0.138,0.198,CLOSED,0.155,0.194,CLOSED,0.147,0.196,20,3,0,0.21
337315344,812,0.231,0.165,CLOSED,0.231,0.165,CLOSED,0.231,0.165,20,3,0,0.21
337315387,813,0.276,0.157,CLOSED,0.268,0.162,CLOSED,0.272,0.16,20,3,0,0.21
337315422,814,0.296,0.197,CLOSED,0.292,0.198,CLOSED,0.294,0.198,20,3,0,0.21
337315464,815,0.313,0.251,OPEN,0.304,0.25,OPEN,0.308,0.251,21,3,0,0.21
337315508,816,0.309,0.285,OPEN,0.316,0.282,OPEN,0.312,0.283,21,3,0,0.21
337315562,817,0.321,0.303,OPEN,0.308,0.298,OPEN,0.315,0.3,21,3,0,0.21
337315594,818,0.319,0.312,OPEN,0.308,0.306,OPEN,0.314,0.309,21,3,0,0.21
337315637,819,0.338,0.32,OPEN,0.331,0.313,OPEN,0.335,0.317,21,3,0,0.21
337315681,820,0.365,0.33,OPEN,0.343,0.321,OPEN,0.354,0.326,21,3,0,0.21
337315724,821,0.351,0.339,OPEN,0.332,0.324,OPEN,0.342,0.332,21,3,0,0.21
337315767,822,0.352,0.345,OPEN,0.32,0.327,OPEN,0.336,0.336,21,3,0,0.21
337315820,823,0.352,0.352,OPEN,0.32,0.329,OPEN,0.336,0.341,21,3,0,0.21
337315863,824,0.36,0.356,OPEN,0.351,0.333,OPEN,0.355,0.345,21,3,0,0.21
337315901,825,0.373,0.358,OPEN,0.351,0.335,OPEN,0.362,0.347,21,3,0,0.21
337315952,826,0.358,0.359,OPEN,0.348,0.338,OPEN,0.353,0.349,21,3,0,0.21
337315986,827,0.36,0.361,OPEN,0.344,0.343,OPEN,0.352,0.352,21,3,0,0.21
337316027,828,0.357,0.362,OPEN,0.352,0.349,OPEN,0.354,0.355,21,3,0,0.21
337316077,829,0.353,0.36,OPEN,0.362,0.351,OPEN,0.357,0.355,21,3,0,0.21
337316121,830,0.345,0.355,OPEN,0.359,0.353,OPEN,0.352,0.354,21,3,0,0.21
337316166,831,0.236,0.33,OPEN,0.244,0.332,OPEN,0.24,0.331,21,3,0,0.21
337316208,832,0.021,0.262,OPEN,0.034,0.27,OPEN,0.028,0.266,21,3,0,0.21
337316253,833,0.077,0.206,CLOSED,0.088,0.217,OPEN,0.082,0.211,21,3,0,0.21
337316295,834,0.196,0.175,CLOSED,0.193,0.184,CLOSED,0.195,0.179,21,3,0,0.21
337316339,835,0.252,0.156,CLOSED,0.229,0.158,CLOSED,0.24,0.157,21,3,0,0.21
337316381,836,0.267,0.163,CLOSED,0.266,0.162,CLOSED,0.267,0.163,21,3,0,0.21
337316423,837,0.308,0.22,OPEN,0.28,0.211,OPEN,0.294,0.215,22,3,0,0.21
337316469,838,0.308,0.266,OPEN,0.288,0.251,OPEN,0.298,0.259,22,3,0,0.21
337316511,839,0.298,0.287,OPEN,0.288,0.27,OPEN,0.293,0.278,22,3,0,0.21
337316555,840,0.291,0.294,OPEN,0.287,0.282,OPEN,0.289,0.288,22,3,0,0.21
337316596,841,0.307,0.302,OPEN,0.302,0.289,OPEN,0.304,0.295,22,3,0,0.21
337316642,842,0.324,0.306,OPEN,0.317,0.296,OPEN,0.321,0.301,22,3,0,0.21
337316685,843,0.339,0.312,OPEN,0.317,0.302,OPEN,0.328,0.307,22,3,0,0.21
337316727,844,0.339,0.32,OPEN,0.317,0.308,OPEN,0.328,0.314,22,3,0,0.21
337316773,845,0.339,0.33,OPEN,0.317,0.314,OPEN,0.328,0.322,22,3,0,0.21
337316814,846,0.328,0.334,OPEN,0.317,0.317,OPEN,0.323,0.326,22,3,0,0.21
337316859,847,0.331,0.335,OPEN,0.318,0.317,OPEN,0.325,0.326,22,3,0,0.21
337316901,848,0.329,0.333,OPEN,0.318,0.317,OPEN,0.324,0.325,22,3,0,0.21
337316941,849,0.329,0.331,OPEN,0.308,0.316,OPEN,0.319,0.324,22,3,0,0.21
337316987,850,0.329,0.329,OPEN,0.308,0.314,OPEN,0.319,0.322,22,3,0,0.21
337317031,851,0.344,0.332,OPEN,0.308,0.312,OPEN,0.326,0.322,22,3,0,0.21
337317074,852,0.333,0.333,OPEN,0.338,0.316,OPEN,0.336,0.325,22,3,0,0.21
337317116,853,0.348,0.337,OPEN,0.352,0.323,OPEN,0.35,0.33,22,3,0,0.21
337317160,854,0.364,0.344,OPEN,0.366,0.334,OPEN,0.365,0.339,22,3,0,0.21
337317205,855,0.379,0.354,OPEN,0.366,0.346,OPEN,0.372,0.35,22,3,0,0.21
337317246,856,0.394,0.364,OPEN,0.381,0.361,OPEN,0.388,0.362,22,3,0,0.21
337317289,857,0.394,0.376,OPEN,0.381,0.369,OPEN,0.388,0.372,22,3,0,0.21
337317335,858,0.383,0.383,OPEN,0.396,0.378,OPEN,0.39,0.381,22,3,0,0.21
337317377,859,0.411,0.392,OPEN,0.399,0.385,OPEN,0.405,0.389,22,3,0,0.21
337317413,860,0.412,0.399,OPEN,0.413,0.394,OPEN,0.412,0.397,22,3,0,0.21
337317456,861,0.412,0.402,OPEN,0.412,0.4,OPEN,0.412,0.401,22,3,0,0.21
337317498,862,0.427,0.409,OPEN,0.412,0.406,OPEN,0.419,0.407,22,3,0,0.21
337317540,863,0.396,0.412,OPEN,0.37,0.401,OPEN,0.383,0.406,22,3,0,0.21
337317583,864,0.288,0.387,OPEN,0.302,0.382,OPEN,0.295,0.385,22,3,0,0.21
337317638,865,0.063,0.317,OPEN,0.076,0.314,OPEN,0.07,0.316,22,3,0,0.21
337317676,866,0.015,0.238,OPEN,0.0,0.232,OPEN,0.007,0.235,22,3,0,0.21
337317713,867,0.015,0.155,CLOSED,0.0,0.15,CLOSED,0.007,0.152,22,3,0,0.21
337317756,868,0.157,0.108,CLOSED,0.132,0.102,CLOSED,0.145,0.105,22,3,0,0.21
337317812,869,0.189,0.088,CLOSED,0.178,0.077,CLOSED,0.183,0.082,22,3,0,0.21
337317844,870,0.267,0.129,CLOSED,0.221,0.106,CLOSED,0.244,0.117,22,3,0,0.21
337317886,871,0.312,0.188,CLOSED,0.279,0.162,CLOSED,0.295,0.175,22,3,0,0.21
337317930,872,0.345,0.254,OPEN,0.308,0.224,OPEN,0.327,0.239,23,3,0,0.21
337317982,873,0.35,0.293,OPEN,0.324,0.262,OPEN,0.337,0.277,23,3,0,0.21
337318021,874,0.35,0.325,OPEN,0.338,0.294,OPEN,0.344,0.309,23,3,0,0.21
337318059,875,0.351,0.342,OPEN,0.338,0.317,OPEN,0.345,0.33,23,3,0,0.21
337318103,876,0.351,0.349,OPEN,0.338,0.329,OPEN,0.345,0.339,23,3,0,0.21
337318150,877,0.349,0.35,OPEN,0.338,0.335,OPEN,0.344,0.343,23,3,0,0.21
337318201,878,0.351,0.35,OPEN,0.338,0.338,OPEN,0.345,0.344,23,3,0,0.21
337318241,879,0.379,0.356,OPEN,0.352,0.341,OPEN,0.365,0.349,23,3,0,0.21
337318280,880,0.381,0.362,OPEN,0.367,0.347,OPEN,0.374,0.354,23,3,0,0.21
337318319,881,0.381,0.368,OPEN,0.367,0.352,OPEN,0.374,0.36,23,3,0,0.21
337318362,882,0.381,0.375,OPEN,0.367,0.358,OPEN,0.374,0.366,23,3,0,0.21
337318412,883,0.381,0.381,OPEN,0.343,0.359,OPEN,0.362,0.37,23,3,0,0.21
337318455,884,0.381,0.381,OPEN,0.352,0.359,OPEN,0.366,0.37,23,3,0,0.21
337318501,885,0.381,0.381,OPEN,0.352,0.356,OPEN,0.366,0.368,23,3,0,0.21
337318543,886,0.381,0.381,OPEN,0.351,0.353,OPEN,0.366,0.367,23,3,0,0.21
337318586,887,0.366,0.378,OPEN,0.351,0.35,OPEN,0.358,0.364,23,3,0,0.21
337318630,888,0.349,0.372,OPEN,0.351,0.351,OPEN,0.35,0.361,23,3,0,0.21
337318674,889,0.351,0.366,OPEN,0.341,0.349,OPEN,0.346,0.357,23,3,0,0.21
337318716,890,0.36,0.361,OPEN,0.351,0.349,OPEN,0.355,0.355,23,3,0,0.21
337318758,891,0.276,0.34,OPEN,0.265,0.332,OPEN,0.271,0.336,23,3,0,0.21
337318803,892,0.062,0.28,OPEN,0.045,0.271,OPEN,0.053,0.276,23,3,0,0.21
337318846,893,0.016,0.213,OPEN,0.029,0.206,CLOSED,0.022,0.209,23,3,0,0.21
337318888,894,0.016,0.146,CLOSED,0.014,0.141,CLOSED,0.015,0.143,23,3,0,0.21
337318932,895,0.038,0.082,CLOSED,0.059,0.082,CLOSED,0.049,0.082,23,3,0,0.21
337318975,896,0.164,0.059,CLOSED,0.149,0.059,CLOSED,0.157,0.059,23,3,0,0.21
337319018,897,0.21,0.089,CLOSED,0.199,0.09,CLOSED,0.205,0.089,23,3,0,0.21
337319062,898,0.252,0.136,CLOSED,0.25,0.134,CLOSED,0.251,0.135,23,3,0,0.21
337319106,899,0.276,0.188,CLOSED,0.25,0.181,CLOSED,0.263,0.184,23,3,0,0.21
337319144,900,0.292,0.239,OPEN,0.266,0.223,OPEN,0.279,0.231,24,3,0,0.21
337319185,901,0.307,0.267,OPEN,0.281,0.249,OPEN,0.294,0.258,24,3,0,0.21
337319227,902,0.307,0.287,OPEN,0.282,0.266,OPEN,0.294,0.276,24,3,0,0.21
337319277,903,0.334,0.303,OPEN,0.272,0.27,OPEN,0.303,0.286,24,3,0,0.21
337319314,904,0.308,0.31,OPEN,0.312,0.283,OPEN,0.31,0.296,24,3,0,0.21
337319357,905,0.308,0.313,OPEN,0.327,0.295,OPEN,0.318,0.304,24,3,0,0.21
337319404,906,0.34,0.319,OPEN,0.311,0.301,OPEN,0.326,0.31,24,3,0,0.21
337319453,907,0.323,0.323,OPEN,0.326,0.31,OPEN,0.325,0.317,24,3,0,0.21
337319497,908,0.323,0.32,OPEN,0.296,0.314,OPEN,0.309,0.317,24,3,0,0.21
337319538,909,0.307,0.32,OPEN,0.311,0.314,OPEN,0.309,0.317,24,3,0,0.21
337319583,910,0.308,0.32,OPEN,0.296,0.308,OPEN,0.302,0.314,24,3,0,0.21
337319625,911,0.308,0.314,OPEN,0.296,0.305,OPEN,0.302,0.309,24,3,0,0.21
337319670,912,0.324,0.314,OPEN,0.321,0.304,OPEN,0.323,0.309,24,3,0,0.21
337319711,913,0.335,0.316,OPEN,0.305,0.306,OPEN,0.32,0.311,24,3,0,0.21
337319756,914,0.354,0.326,OPEN,0.311,0.306,OPEN,0.333,0.316,24,3,0,0.21
337319797,915,0.337,0.332,OPEN,0.326,0.312,OPEN,0.332,0.322,24,3,0,0.21
337319843,916,0.354,0.341,OPEN,0.311,0.315,OPEN,0.333,0.328,24,3,0,0.21
337319883,917,0.354,0.347,OPEN,0.326,0.316,OPEN,0.34,0.332,24,3,0,0.21
337319930,918,0.327,0.345,OPEN,0.327,0.32,OPEN,0.327,0.333,24,3,0,0.21
337319972,919,0.324,0.339,OPEN,0.287,0.315,OPEN,0.305,0.327,24,3,0,0.21
337320014,920,0.218,0.315,OPEN,0.218,0.294,OPEN,0.218,0.304,24,3,0,0.21
337320058,921,0.064,0.257,OPEN,0.044,0.24,OPEN,0.054,0.248,24,3,0,0.21
337320101,922,0.066,0.2,CLOSED,0.029,0.181,CLOSED,0.048,0.191,24,3,0,0.21
337320143,923,0.053,0.145,CLOSED,0.044,0.124,CLOSED,0.049,0.135,24,3,0,0.21
337320189,924,0.114,0.103,CLOSED,0.121,0.091,CLOSED,0.117,0.097,24,3,0,0.21
337320232,925,0.159,0.091,CLOSED,0.156,0.079,CLOSED,0.158,0.085,24,3,0,0.21
337320274,926,0.208,0.12,CLOSED,0.187,0.107,CLOSED,0.198,0.113,24,3,0,0.21
337320317,927,0.234,0.154,CLOSED,0.22,0.146,CLOSED,0.227,0.15,24,3,0,0.21
337320358,928,0.262,0.195,CLOSED,0.25,0.187,CLOSED,0.256,0.191,24,3,0,0.21
337320396,929,0.292,0.231,OPEN,0.265,0.216,OPEN,0.278,0.224,25,3,0,0.21
337320438,930,0.285,0.256,OPEN,0.265,0.237,OPEN,0.275,0.246,25,3,0,0.21
337320494,931,0.319,0.278,OPEN,0.265,0.253,OPEN,0.292,0.266,25,3,0,0.21
337320535,932,0.301,0.292,OPEN,0.266,0.262,OPEN,0.283,0.277,25,3,0,0.21
337320578,933,0.286,0.297,OPEN,0.272,0.267,OPEN,0.279,0.282,25,3,0,0.21
337320616,934,0.292,0.297,OPEN,0.281,0.27,OPEN,0.286,0.283,25,3,0,0.21
337320662,935,0.276,0.295,OPEN,0.266,0.27,OPEN,0.271,0.282,25,3,0,0.21
337320705,936,0.244,0.28,OPEN,0.259,0.269,OPEN,0.252,0.275,25,3,0,0.21
337320747,937,0.08,0.236,OPEN,0.112,0.238,OPEN,0.096,0.237,25,3,0,0.21
337320794,938,0.016,0.182,CLOSED,0.037,0.191,CLOSED,0.026,0.186,25,3,0,0.21
337320837,939,0.0,0.123,CLOSED,0.014,0.138,CLOSED,0.007,0.131,25,3,0,0.21
337320880,940,0.038,0.076,CLOSED,0.029,0.09,CLOSED,0.034,0.083,25,3,0,0.21
337320916,941,0.016,0.03,CLOSED,0.064,0.051,CLOSED,0.04,0.04,25,3,0,0.21
337320958,942,0.166,0.047,CLOSED,0.153,0.059,CLOSED,0.16,0.053,25,3,0,0.21
337321001,943,0.252,0.094,CLOSED,0.234,0.099,CLOSED,0.243,0.097,25,3,0,0.21
337321055,944,0.252,0.145,CLOSED,0.282,0.152,CLOSED,0.267,0.148,25,3,0,0.21
337321098,945,0.276,0.192,CLOSED,0.282,0.203,CLOSED,0.279,0.198,25,3,0,0.21
337321137,946,0.276,0.244,OPEN,0.282,0.247,OPEN,0.279,0.245,26,3,0,0.21
337321174,947,0.276,0.266,OPEN,0.281,0.272,OPEN,0.279,0.269,26,3,0,0.21
337321217,948,0.307,0.277,OPEN,0.312,0.288,OPEN,0.309,0.282,26,3,0,0.21
337321262,949,0.318,0.291,OPEN,0.296,0.291,OPEN,0.307,0.291,26,3,0,0.21
337321316,950,0.308,0.297,OPEN,0.312,0.297,OPEN,0.31,0.297,26,3,0,0.21
337321357,951,0.308,0.303,OPEN,0.287,0.298,OPEN,0.297,0.3,26,3,0,0.21
337321393,952,0.321,0.312,OPEN,0.31,0.303,OPEN,0.316,0.307,26,3,0,0.21
337321433,953,0.321,0.315,OPEN,0.31,0.303,OPEN,0.316,0.309,26,3,0,0.21
337321477,954,0.308,0.313,OPEN,0.311,0.306,OPEN,0.309,0.309,26,3,0,0.21
337321531,955,0.302,0.312,OPEN,0.296,0.303,OPEN,0.299,0.307,26,3,0,0.21
337321571,956,0.302,0.311,OPEN,0.321,0.31,OPEN,0.311,0.31,26,3,0,0.21
337321616,957,0.318,0.31,OPEN,0.321,0.312,OPEN,0.32,0.311,26,3,0,0.21
337321658,958,0.301,0.306,OPEN,0.305,0.311,OPEN,0.303,0.308,26,3,0,0.21
337321699,959,0.329,0.31,OPEN,0.305,0.31,OPEN,0.317,0.31,26,3,0,0.21
337321737,960,0.317,0.313,OPEN,0.315,0.313,OPEN,0.316,0.313,26,3,0,0.21
337321779,961,0.329,0.319,OPEN,0.315,0.312,OPEN,0.322,0.316,26,3,0,0.21
337321827,962,0.312,0.318,OPEN,0.316,0.311,OPEN,0.314,0.315,26,3,0,0.21
337321875,963,0.312,0.32,OPEN,0.306,0.311,OPEN,0.309,0.316,26,3,0,0.21
337321920,964,0.312,0.316,OPEN,0.299,0.31,OPEN,0.305,0.313,26,3,0,0.21
337321963,965,0.329,0.319,OPEN,0.317,0.311,OPEN,0.323,0.315,26,3,0,0.21
337322004,966,0.329,0.319,OPEN,0.316,0.311,OPEN,0.323,0.315,26,3,0,0.21
337322047,967,0.312,0.319,OPEN,0.317,0.311,OPEN,0.315,0.315,26,3,0,0.21
337322092,968,0.284,0.313,OPEN,0.333,0.316,OPEN,0.308,0.315,26,3,0,0.21
337322133,969,0.312,0.313,OPEN,0.316,0.32,OPEN,0.314,0.317,26,3,0,0.21
337322178,970,0.328,0.313,OPEN,0.299,0.316,OPEN,0.314,0.315,26,3,0,0.21
337322222,971,0.284,0.304,OPEN,0.316,0.316,OPEN,0.3,0.31,26,3,0,0.21
337322265,972,0.328,0.307,OPEN,0.289,0.311,OPEN,0.308,0.309,26,3,0,0.21
337322305,973,0.284,0.307,OPEN,0.321,0.308,OPEN,0.302,0.307,26,3,0,0.21
337322348,974,0.294,0.304,OPEN,0.321,0.309,OPEN,0.307,0.306,26,3,0,0.21
337322395,975,0.328,0.304,OPEN,0.321,0.314,OPEN,0.325,0.309,26,3,0,0.21
337322437,976,0.361,0.319,OPEN,0.353,0.321,OPEN,0.357,0.32,26,3,0,0.21
337322477,977,0.365,0.326,OPEN,0.37,0.337,OPEN,0.367,0.332,26,3,0,0.21
337322523,978,0.382,0.346,OPEN,0.401,0.353,OPEN,0.392,0.349,26,3,0,0.21
337322561,979,0.402,0.368,OPEN,0.401,0.369,OPEN,0.402,0.368,26,3,0,0.21
337322602,980,0.403,0.383,OPEN,0.417,0.388,OPEN,0.41,0.386,26,3,0,0.21
337322653,981,0.436,0.398,OPEN,0.433,0.404,OPEN,0.434,0.401,26,3,0,0.21
337322695,982,0.419,0.408,OPEN,0.435,0.417,OPEN,0.427,0.412,26,3,0,0.21
337322741,983,0.436,0.419,OPEN,0.436,0.424,OPEN,0.436,0.421,26,3,0,0.21
337322778,984,0.436,0.426,OPEN,0.419,0.428,OPEN,0.427,0.427,26,3,0,0.21
337322827,985,0.438,0.433,OPEN,0.436,0.432,OPEN,0.437,0.432,26,3,0,0.21
337322869,986,0.435,0.433,OPEN,0.436,0.432,OPEN,0.435,0.432,26,3,0,0.21
337322912,987,0.422,0.433,OPEN,0.436,0.433,OPEN,0.429,0.433,26,3,0,0.21
337322953,988,0.436,0.433,OPEN,0.423,0.43,OPEN,0.429,0.431,26,3,0,0.21
337322998,989,0.434,0.433,OPEN,0.423,0.431,OPEN,0.428,0.432,26,3,0,0.21
337323043,990,0.437,0.433,OPEN,0.436,0.431,OPEN,0.436,0.432,26,3,0,0.21
337323085,991,0.437,0.433,OPEN,0.436,0.431,OPEN,0.436,0.432,26,3,0,0.21
337323130,992,0.437,0.436,OPEN,0.436,0.431,OPEN,0.436,0.433,26,3,0,0.21
337323171,993,0.422,0.433,OPEN,0.421,0.43,OPEN,0.421,0.431,26,3,0,0.21
337323215,994,0.391,0.425,OPEN,0.421,0.43,OPEN,0.406,0.427,26,3,0,0.21
337323258,995,0.421,0.422,OPEN,0.42,0.427,OPEN,0.42,0.424,26,3,0,0.21
337323300,996,0.435,0.421,OPEN,0.423,0.424,OPEN,0.429,0.422,26,3,0,0.21
337323344,997,0.437,0.421,OPEN,0.407,0.418,OPEN,0.422,0.419,26,3,0,0.21
337323388,998,0.438,0.424,OPEN,0.408,0.416,OPEN,0.423,0.42,26,3,0,0.21
337323433,999,0.436,0.433,OPEN,0.407,0.413,OPEN,0.421,0.423,26,3,0,0.21
337323476,1000,0.436,0.436,OPEN,0.423,0.414,OPEN,0.429,0.425,26,3,0,0.21
337323516,1001,0.421,0.434,OPEN,0.407,0.41,OPEN,0.414,0.422,26,3,0,0.21
337323562,1002,0.406,0.427,OPEN,0.407,0.41,OPEN,0.406,0.418,26,3,0,0.21
337323602,1003,0.406,0.421,OPEN,0.407,0.41,OPEN,0.406,0.415,26,3,0,0.21
337323640,1004,0.406,0.415,OPEN,0.407,0.41,OPEN,0.406,0.412,26,3,0,0.21
337323683,1005,0.406,0.409,OPEN,0.392,0.404,OPEN,0.399,0.406,26,3,0,0.21
337323738,1006,0.406,0.406,OPEN,0.392,0.401,OPEN,0.399,0.404,26,3,0,0.21
337323780,1007,0.407,0.406,OPEN,0.392,0.398,OPEN,0.399,0.402,26,3,0,0.21
337323822,1008,0.388,0.403,OPEN,0.374,0.391,OPEN,0.381,0.397,26,3,0,0.21
337323865,1009,0.1,0.341,OPEN,0.109,0.332,OPEN,0.105,0.337,26,3,0,0.21
337323902,1010,0.017,0.264,OPEN,0.0,0.253,OPEN,0.009,0.259,26,3,0,0.21
337323942,1011,0.05,0.192,CLOSED,0.047,0.184,CLOSED,0.049,0.188,26,3,0,0.21
337323985,1012,0.053,0.122,CLOSED,0.048,0.116,CLOSED,0.051,0.119,26,3,0,0.21
337324038,1013,0.033,0.051,CLOSED,0.038,0.048,CLOSED,0.036,0.05,26,3,0,0.21
337324079,1014,0.034,0.037,CLOSED,0.047,0.036,CLOSED,0.041,0.036,26,3,0,0.21
337324115,1015,0.041,0.042,CLOSED,0.016,0.039,CLOSED,0.029,0.041,26,3,0,0.21
337324158,1016,0.041,0.04,CLOSED,0.048,0.039,CLOSED,0.044,0.04,26,3,0,0.21
337324202,1017,0.051,0.04,CLOSED,0.032,0.036,CLOSED,0.041,0.038,26,3,0,0.21
337324254,1018,0.051,0.044,CLOSED,0.064,0.041,CLOSED,0.057,0.042,26,3,0,0.21
337324296,1019,0.051,0.047,CLOSED,0.032,0.038,CLOSED,0.041,0.042,26,3,0,0.21
337324341,1020,0.051,0.049,CLOSED,0.048,0.045,CLOSED,0.05,0.047,26,3,0,0.21
337324384,1021,0.041,0.049,CLOSED,0.048,0.045,CLOSED,0.044,0.047,26,3,0,0.21
337324425,1022,0.041,0.047,CLOSED,0.016,0.042,CLOSED,0.029,0.044,26,3,0,0.21
337324468,1023,0.034,0.044,CLOSED,0.016,0.032,CLOSED,0.025,0.038,26,3,0,0.21
337324515,1024,0.034,0.04,CLOSED,0.016,0.029,CLOSED,0.025,0.035,26,3,0,0.21
337324557,1025,0.041,0.038,CLOSED,0.016,0.022,CLOSED,0.029,0.03,26,3,0,0.21
337324598,1026,0.034,0.037,CLOSED,0.016,0.016,CLOSED,0.025,0.026,26,3,0,0.21
337324644,1027,0.017,0.032,CLOSED,0.016,0.016,CLOSED,0.017,0.024,26,3,0,0.21
337324687,1028,0.024,0.03,CLOSED,0.032,0.019,CLOSED,0.028,0.025,26,3,0,0.21
337324730,1029,0.024,0.028,CLOSED,0.032,0.022,CLOSED,0.028,0.025,26,3,0,0.21
337324774,1030,0.024,0.025,CLOSED,0.032,0.026,CLOSED,0.028,0.026,26,3,0,0.21
337324817,1031,0.023,0.022,CLOSED,0.044,0.031,CLOSED,0.034,0.026,26,3,0,0.21
337324858,1032,0.04,0.027,CLOSED,0.032,0.034,CLOSED,0.036,0.03,26,3,0,0.21
337324904,1033,0.04,0.03,CLOSED,0.038,0.036,CLOSED,0.039,0.033,26,3,0,0.21
337324945,1034,0.017,0.029,CLOSED,0.07,0.043,CLOSED,0.044,0.036,26,3,0,0.21
337324981,1035,0.059,0.036,CLOSED,0.158,0.068,CLOSED,0.108,0.052,26,3,0,0.21
337325024,1036,0.056,0.042,CLOSED,0.196,0.099,CLOSED,0.126,0.071,26,3,0,0.21
337325072,1037,0.089,0.052,CLOSED,0.227,0.138,CLOSED,0.158,0.095,26,3,0,0.21
337325110,1038,0.089,0.062,CLOSED,0.227,0.176,CLOSED,0.158,0.119,26,3,0,0.21
337325153,1039,0.086,0.076,CLOSED,0.257,0.213,OPEN,0.171,0.144,27,3,0,0.21
337325196,1040,0.086,0.081,CLOSED,0.257,0.233,OPEN,0.171,0.157,27,3,0,0.21
337325240,1041,0.106,0.091,CLOSED,0.249,0.243,OPEN,0.177,0.167,27,3,0,0.21
337325283,1042,0.067,0.087,CLOSED,0.25,0.248,OPEN,0.159,0.167,27,3,0,0.21
337325326,1043,0.071,0.083,CLOSED,0.249,0.252,OPEN,0.16,0.168,27,3,0,0.21
337325371,1044,0.074,0.081,CLOSED,0.272,0.255,OPEN,0.173,0.168,27,3,0,0.21
337325412,1045,0.103,0.084,CLOSED,0.279,0.26,OPEN,0.191,0.172,27,3,0,0.21
337325455,1046,0.1,0.083,CLOSED,0.311,0.272,OPEN,0.206,0.178,27,3,0,0.21
337325501,1047,0.117,0.093,CLOSED,0.302,0.283,OPEN,0.209,0.188,27,3,0,0.21
337325542,1048,0.103,0.099,CLOSED,0.31,0.295,OPEN,0.206,0.197,27,3,0,0.21
337325585,1049,0.121,0.109,CLOSED,0.311,0.303,OPEN,0.216,0.206,27,3,0,0.21
337325633,1050,0.121,0.112,CLOSED,0.31,0.309,OPEN,0.215,0.21,27,3,0,0.21
337325671,1051,0.123,0.117,CLOSED,0.311,0.309,OPEN,0.217,0.213,27,3,0,0.21
337325715,1052,0.123,0.118,CLOSED,0.312,0.311,OPEN,0.217,0.214,27,3,0,0.21
337325765,1053,0.119,0.121,CLOSED,0.312,0.311,OPEN,0.215,0.216,27,3,0,0.21
337325801,1054,0.119,0.121,CLOSED,0.313,0.312,OPEN,0.216,0.216,27,3,0,0.21
337325844,1055,0.117,0.12,CLOSED,0.313,0.312,OPEN,0.215,0.216,27,3,0,0.21
337325899,1056,0.117,0.119,CLOSED,0.312,0.312,OPEN,0.214,0.215,27,3,0,0.21
337325941,1057,0.117,0.118,CLOSED,0.311,0.312,OPEN,0.214,0.215,27,3,0,0.21
337325982,1058,0.117,0.117,CLOSED,0.311,0.312,OPEN,0.214,0.214,27,3,0,0.21
337326028,1059,0.117,0.117,CLOSED,0.311,0.312,OPEN,0.214,0.214,27,3,0,0.21
337326071,1060,0.117,0.117,CLOSED,0.311,0.311,OPEN,0.214,0.214,27,3,0,0.21
337326114,1061,0.103,0.114,CLOSED,0.311,0.311,OPEN,0.207,0.212,27,3,0,0.21
337326158,1062,0.105,0.112,CLOSED,0.312,0.311,OPEN,0.208,0.211,27,3,0,0.21
337326200,1063,0.105,0.109,CLOSED,0.312,0.311,OPEN,0.208,0.21,27,3,0,0.21
337326243,1064,0.105,0.107,CLOSED,0.311,0.311,OPEN,0.208,0.209,27,3,0,0.21
337326288,1065,0.054,0.094,CLOSED,0.162,0.282,OPEN,0.108,0.188,27,3,0,0.21
337326332,1066,0.04,0.082,CLOSED,0.038,0.227,OPEN,0.039,0.154,27,3,0,0.21
337326374,1067,0.054,0.072,CLOSED,0.031,0.171,CLOSED,0.042,0.121,27,3,0,0.21
337326417,1068,0.119,0.074,CLOSED,0.0,0.108,CLOSED,0.059,0.091,27,3,0,0.21
337326458,1069,0.186,0.091,CLOSED,0.016,0.049,CLOSED,0.101,0.07,27,3,0,0.21
337326502,1070,0.217,0.123,CLOSED,0.016,0.02,CLOSED,0.116,0.071,27,3,0,0.21
337326548,1071,0.252,0.166,CLOSED,0.016,0.016,CLOSED,0.134,0.091,27,3,0,0.21
337326591,1072,0.26,0.207,CLOSED,0.016,0.013,CLOSED,0.138,0.11,27,3,0,0.21
337326634,1073,0.259,0.235,OPEN,0.031,0.019,CLOSED,0.145,0.127,27,3,0,0.21
337326677,1074,0.276,0.253,OPEN,0.016,0.019,CLOSED,0.146,0.136,27,3,0,0.21
337326721,1075,0.276,0.265,OPEN,0.016,0.019,CLOSED,0.146,0.142,27,3,0,0.21
337326763,1076,0.276,0.269,OPEN,0.016,0.019,CLOSED,0.146,0.144,27,3,0,0.21
337326807,1077,0.276,0.273,OPEN,0.031,0.022,CLOSED,0.154,0.148,27,3,0,0.21
337326850,1078,0.276,0.276,OPEN,0.031,0.022,CLOSED,0.154,0.149,27,3,0,0.21
337326886,1079,0.292,0.279,OPEN,0.031,0.025,CLOSED,0.161,0.152,27,3,0,0.21
337326927,1080,0.308,0.286,OPEN,0.047,0.031,CLOSED,0.177,0.158,27,3,0,0.21
337326983,1081,0.308,0.292,OPEN,0.047,0.037,CLOSED,0.177,0.164,27,3,0,0.21
337327020,1082,0.292,0.295,OPEN,0.047,0.041,CLOSED,0.169,0.168,27,3,0,0.21
337327057,1083,0.292,0.298,OPEN,0.047,0.044,CLOSED,0.169,0.171,27,3,0,0.21
337327100,1084,0.292,0.298,OPEN,0.047,0.047,CLOSED,0.169,0.172,27,3,0,0.21
337327149,1085,0.292,0.295,OPEN,0.047,0.047,CLOSED,0.169,0.171,27,3,0,0.21
337327197,1086,0.292,0.292,OPEN,0.047,0.047,CLOSED,0.169,0.169,27,3,0,0.21
337327230,1087,0.292,0.292,OPEN,0.047,0.047,CLOSED,0.169,0.169,27,3,0,0.21
337327273,1088,0.276,0.289,OPEN,0.053,0.048,CLOSED,0.165,0.168,27,3,0,0.21
337327316,1089,0.09,0.248,OPEN,0.016,0.042,CLOSED,0.053,0.145,27,3,0,0.21
337327372,1090,0.0,0.19,CLOSED,0.0,0.033,CLOSED,0.0,0.112,27,3,0,0.21
337327413,1091,0.04,0.14,CLOSED,0.059,0.035,CLOSED,0.05,0.088,27,3,0,0.21
337327455,1092,0.04,0.089,CLOSED,0.149,0.055,CLOSED,0.095,0.072,27,3,0,0.21
337327497,1093,0.052,0.044,CLOSED,0.202,0.085,CLOSED,0.127,0.065,27,3,0,0.21
337327533,1094,0.042,0.035,CLOSED,0.259,0.134,CLOSED,0.15,0.085,27,3,0,0.21
337327576,1095,0.05,0.045,CLOSED,0.259,0.186,CLOSED,0.154,0.115,27,3,0,0.21
337327619,1096,0.054,0.048,CLOSED,0.251,0.224,OPEN,0.152,0.136,28,3,0,0.21
337327673,1097,0.09,0.058,CLOSED,0.284,0.251,OPEN,0.187,0.154,28,3,0,0.21
337327715,1098,0.105,0.068,CLOSED,0.282,0.267,OPEN,0.193,0.168,28,3,0,0.21
337327757,1099,0.103,0.08,CLOSED,0.308,0.277,OPEN,0.205,0.179,28,3,0,0.21
337327800,1100,0.105,0.091,CLOSED,0.312,0.287,OPEN,0.208,0.189,28,3,0,0.21
337327836,1101,0.105,0.102,CLOSED,0.314,0.3,OPEN,0.209,0.201,28,3,0,0.21
337327878,1102,0.102,0.104,CLOSED,0.326,0.308,OPEN,0.214,0.206,28,3,0,0.21
337327926,1103,0.121,0.107,CLOSED,0.313,0.315,OPEN,0.217,0.211,28,3,0,0.21
337327974,1104,0.102,0.107,CLOSED,0.311,0.315,OPEN,0.206,0.211,28,3,0,0.21
337328019,1105,0.102,0.106,CLOSED,0.312,0.315,OPEN,0.207,0.21,28,3,0,0.21
337328061,1106,0.099,0.105,CLOSED,0.312,0.315,OPEN,0.206,0.21,28,3,0,0.21
337328103,1107,0.105,0.106,CLOSED,0.275,0.305,OPEN,0.19,0.205,28,3,0,0.21
337328148,1108,0.016,0.085,CLOSED,0.031,0.248,OPEN,0.024,0.167,28,3,0,0.21
337328188,1109,0.066,0.078,CLOSED,0.031,0.192,CLOSED,0.049,0.135,28,3,0,0.21
337328226,1110,0.039,0.065,CLOSED,0.0,0.13,CLOSED,0.019,0.098,28,3,0,0.21
337328268,1111,0.016,0.048,CLOSED,0.045,0.076,CLOSED,0.03,0.062,28,3,0,0.21
337328311,1112,0.135,0.054,CLOSED,0.099,0.041,CLOSED,0.117,0.048,28,3,0,0.21
337328366,1113,0.226,0.096,CLOSED,0.163,0.068,CLOSED,0.195,0.082,28,3,0,0.21
337328407,1114,0.258,0.135,CLOSED,0.194,0.1,CLOSED,0.226,0.118,28,3,0,0.21
337328450,1115,0.259,0.179,CLOSED,0.226,0.145,CLOSED,0.242,0.162,28,3,0,0.21
337328492,1116,0.276,0.231,OPEN,0.267,0.19,CLOSED,0.272,0.211,28,3,0,0.21
337328537,1117,0.292,0.262,OPEN,0.268,0.224,OPEN,0.28,0.243,29,3,0,0.21
337328580,1118,0.311,0.279,OPEN,0.284,0.248,OPEN,0.297,0.264,29,3,0,0.21
337328616,1119,0.293,0.286,OPEN,0.29,0.267,OPEN,0.291,0.276,29,3,0,0.21
337328657,1120,0.312,0.297,OPEN,0.301,0.282,OPEN,0.306,0.289,29,3,0,0.21
337328700,1121,0.311,0.304,OPEN,0.299,0.288,OPEN,0.305,0.296,29,3,0,0.21
337328754,1122,0.301,0.306,OPEN,0.299,0.295,OPEN,0.3,0.3,29,3,0,0.21
337328796,1123,0.3,0.303,OPEN,0.318,0.301,OPEN,0.309,0.302,29,3,0,0.21
337328840,1124,0.317,0.308,OPEN,0.317,0.307,OPEN,0.317,0.307,29,3,0,0.21
337328881,1125,0.31,0.308,OPEN,0.3,0.307,OPEN,0.305,0.307,29,3,0,0.21
337328921,1126,0.31,0.308,OPEN,0.333,0.313,OPEN,0.322,0.31,29,3,0,0.21
337328960,1127,0.329,0.313,OPEN,0.315,0.317,OPEN,0.322,0.315,29,3,0,0.21
337329003,1128,0.333,0.32,OPEN,0.3,0.313,OPEN,0.317,0.317,29,3,0,0.21
337329058,1129,0.326,0.322,OPEN,0.316,0.313,OPEN,0.321,0.318,29,3,0,0.21
337329101,1130,0.329,0.325,OPEN,0.315,0.316,OPEN,0.322,0.321,29,3,0,0.21
337329143,1131,0.305,0.324,OPEN,0.311,0.311,OPEN,0.308,0.318,29,3,0,0.21
337329186,1132,0.069,0.272,OPEN,0.103,0.269,OPEN,0.086,0.271,29,3,0,0.21
337329227,1133,0.034,0.213,OPEN,0.033,0.216,OPEN,0.034,0.214,29,3,0,0.21
337329264,1134,0.017,0.151,CLOSED,0.023,0.157,CLOSED,0.02,0.154,29,3,0,0.21
337329306,1135,0.04,0.093,CLOSED,0.0,0.094,CLOSED,0.02,0.093,29,3,0,0.21
337329350,1136,0.058,0.044,CLOSED,0.064,0.045,CLOSED,0.061,0.044,29,3,0,0.21
337329402,1137,0.143,0.058,CLOSED,0.15,0.054,CLOSED,0.146,0.056,29,3,0,0.21
337329444,1138,0.185,0.089,CLOSED,0.207,0.089,CLOSED,0.196,0.089,29,3,0,0.21
337329490,1139,0.214,0.128,CLOSED,0.224,0.129,CLOSED,0.219,0.129,29,3,0,0.21
337329532,1140,0.234,0.167,CLOSED,0.25,0.179,CLOSED,0.242,0.173,29,3,0,0.21
337329575,1141,0.232,0.202,CLOSED,0.26,0.218,OPEN,0.246,0.21,29,3,0,0.21
337329617,1142,0.25,0.223,OPEN,0.276,0.243,OPEN,0.263,0.233,30,3,0,0.21
337329659,1143,0.27,0.24,OPEN,0.276,0.257,OPEN,0.273,0.248,30,3,0,0.21
337329702,1144,0.268,0.251,OPEN,0.267,0.266,OPEN,0.268,0.259,30,3,0,0.21
337329748,1145,0.27,0.258,OPEN,0.276,0.271,OPEN,0.273,0.265,30,3,0,0.21
337329791,1146,0.251,0.262,OPEN,0.277,0.274,OPEN,0.264,0.268,30,3,0,0.21
337329832,1147,0.25,0.262,OPEN,0.276,0.274,OPEN,0.263,0.268,30,3,0,0.21
337329877,1148,0.25,0.258,OPEN,0.276,0.274,OPEN,0.263,0.266,30,3,0,0.21
337329922,1149,0.25,0.254,OPEN,0.276,0.276,OPEN,0.263,0.265,30,3,0,0.21
337329963,1150,0.268,0.254,OPEN,0.276,0.276,OPEN,0.272,0.265,30,3,0,0.21
337330006,1151,0.286,0.261,OPEN,0.276,0.276,OPEN,0.281,0.269,30,3,0,0.21
337330051,1152,0.287,0.268,OPEN,0.275,0.276,OPEN,0.281,0.272,30,3,0,0.21
337330092,1153,0.278,0.274,OPEN,0.275,0.276,OPEN,0.277,0.275,30,3,0,0.21
337330130,1154,0.278,0.279,OPEN,0.266,0.274,OPEN,0.272,0.277,30,3,0,0.21
337330171,1155,0.306,0.287,OPEN,0.267,0.272,OPEN,0.286,0.279,30,3,0,0.21
337330214,1156,0.304,0.291,OPEN,0.267,0.27,OPEN,0.285,0.28,30,3,0,0.21
337330267,1157,0.304,0.294,OPEN,0.294,0.274,OPEN,0.299,0.284,30,3,0,0.21
337330301,1158,0.295,0.297,OPEN,0.292,0.277,OPEN,0.293,0.287,30,3,0,0.21
337330344,1159,0.287,0.299,OPEN,0.283,0.281,OPEN,0.285,0.29,30,3,0,0.21
337330395,1160,0.295,0.297,OPEN,0.31,0.289,OPEN,0.302,0.293,30,3,0,0.21
337330441,1161,0.278,0.292,OPEN,0.283,0.292,OPEN,0.28,0.292,30,3,0,0.21
337330482,1162,0.278,0.287,OPEN,0.299,0.293,OPEN,0.288,0.29,30,3,0,0.21
337330523,1163,0.287,0.285,OPEN,0.283,0.292,OPEN,0.285,0.288,30,3,0,0.21
337330572,1164,0.295,0.287,OPEN,0.3,0.295,OPEN,0.297,0.291,30,3,0,0.21
337330613,1165,0.295,0.287,OPEN,0.299,0.293,OPEN,0.297,0.29,30,3,0,0.21
337330655,1166,0.295,0.29,OPEN,0.289,0.294,OPEN,0.292,0.292,30,3,0,0.21
337330700,1167,0.312,0.297,OPEN,0.289,0.292,OPEN,0.3,0.294,30,3,0,0.21
337330740,1168,0.312,0.302,OPEN,0.299,0.295,OPEN,0.305,0.298,30,3,0,0.21
337330787,1169,0.312,0.305,OPEN,0.289,0.293,OPEN,0.3,0.299,30,3,0,0.21
337330829,1170,0.311,0.308,OPEN,0.299,0.293,OPEN,0.305,0.3,30,3,0,0.21
337330873,1171,0.295,0.308,OPEN,0.316,0.298,OPEN,0.305,0.303,30,3,0,0.21
337330913,1172,0.295,0.305,OPEN,0.317,0.304,OPEN,0.306,0.304,30,3,0,0.21
337330959,1173,0.328,0.308,OPEN,0.316,0.307,OPEN,0.322,0.307,30,3,0,0.21
337331002,1174,0.339,0.314,OPEN,0.301,0.31,OPEN,0.32,0.312,30,3,0,0.21
337331043,1175,0.242,0.3,OPEN,0.225,0.295,OPEN,0.233,0.297,30,3,0,0.21
337331089,1176,0.018,0.244,OPEN,0.024,0.237,OPEN,0.021,0.24,30,3,0,0.21
337331130,1177,0.018,0.189,CLOSED,0.023,0.178,CLOSED,0.02,0.183,30,3,0,0.21
337331175,1178,0.073,0.138,CLOSED,0.086,0.132,CLOSED,0.079,0.135,30,3,0,0.21
337331219,1179,0.103,0.091,CLOSED,0.119,0.095,CLOSED,0.111,0.093,30,3,0,0.21
337331262,1180,0.19,0.08,CLOSED,0.2,0.09,CLOSED,0.195,0.085,30,3,0,0.21
337331304,1181,0.258,0.128,CLOSED,0.267,0.139,CLOSED,0.263,0.134,30,3,0,0.21
337331346,1182,0.294,0.184,CLOSED,0.299,0.194,CLOSED,0.296,0.189,30,3,0,0.21
337331389,1183,0.311,0.231,OPEN,0.301,0.237,OPEN,0.306,0.234,31,3,0,0.21
337331435,1184,0.311,0.273,OPEN,0.299,0.273,OPEN,0.305,0.273,31,3,0,0.21
337331477,1185,0.328,0.3,OPEN,0.289,0.291,OPEN,0.308,0.295,31,3,0,0.21
337331522,1186,0.328,0.314,OPEN,0.305,0.299,OPEN,0.317,0.306,31,3,0,0.21
337331565,1187,0.328,0.321,OPEN,0.29,0.297,OPEN,0.309,0.309,31,3,0,0.21
337331608,1188,0.328,0.325,OPEN,0.323,0.301,OPEN,0.326,0.313,31,3,0,0.21
337331650,1189,0.345,0.331,OPEN,0.316,0.305,OPEN,0.331,0.318,31,3,0,0.21
337331694,1190,0.328,0.331,OPEN,0.333,0.313,OPEN,0.331,0.322,31,3,0,0.21
337331734,1191,0.328,0.331,OPEN,0.334,0.319,OPEN,0.331,0.325,31,3,0,0.21
337331779,1192,0.329,0.332,OPEN,0.333,0.328,OPEN,0.331,0.33,31,3,0,0.21
337331825,1193,0.329,0.332,OPEN,0.305,0.324,OPEN,0.317,0.328,31,3,0,0.21
337331867,1194,0.31,0.325,OPEN,0.306,0.322,OPEN,0.308,0.324,31,3,0,0.21
337331912,1195,0.31,0.321,OPEN,0.316,0.319,OPEN,0.313,0.32,31,3,0,0.21
337331954,1196,0.3,0.316,OPEN,0.305,0.313,OPEN,0.302,0.315,31,3,0,0.21
337331997,1197,0.301,0.31,OPEN,0.305,0.307,OPEN,0.303,0.308,31,3,0,0.21
337332038,1198,0.301,0.304,OPEN,0.332,0.313,OPEN,0.317,0.308,31,3,0,0.21
337332082,1199,0.31,0.304,OPEN,0.306,0.313,OPEN,0.308,0.308,31,3,0,0.21
337332125,1200,0.316,0.306,OPEN,0.3,0.31,OPEN,0.308,0.308,31,3,0,0.21
337332169,1201,0.317,0.309,OPEN,0.332,0.315,OPEN,0.325,0.312,31,3,0,0.21
337332213,1202,0.301,0.309,OPEN,0.321,0.318,OPEN,0.311,0.314,31,3,0,0.21
337332257,1203,0.318,0.312,OPEN,0.305,0.313,OPEN,0.311,0.312,31,3,0,0.21
337332296,1204,0.317,0.314,OPEN,0.307,0.313,OPEN,0.312,0.314,31,3,0,0.21
337332343,1205,0.317,0.314,OPEN,0.307,0.314,OPEN,0.312,0.314,31,3,0,0.21
337332383,1206,0.3,0.311,OPEN,0.291,0.306,OPEN,0.295,0.308,31,3,0,0.21
337332430,1207,0.316,0.314,OPEN,0.307,0.303,OPEN,0.311,0.308,31,3,0,0.21
337332469,1208,0.315,0.313,OPEN,0.307,0.304,OPEN,0.311,0.308,31,3,0,0.21
337332518,1209,0.326,0.315,OPEN,0.307,0.304,OPEN,0.317,0.309,31,3,0,0.21
337332558,1210,0.316,0.315,OPEN,0.322,0.307,OPEN,0.319,0.311,31,3,0,0.21
337332599,1211,0.3,0.315,OPEN,0.316,0.312,OPEN,0.308,0.314,31,3,0,0.21
337332959,1212,0.119,0.275,OPEN,0.15,0.28,OPEN,0.135,0.278,31,3,0,0.21
337333045,1213,0.186,0.249,OPEN,0.225,0.264,OPEN,0.206,0.257,31,3,0,0.21
337333132,1214,0.269,0.238,OPEN,0.284,0.259,OPEN,0.276,0.248,31,3,0,0.21
337333165,1215,0.285,0.232,OPEN,0.291,0.253,OPEN,0.288,0.242,31,3,0,0.21
337333203,1216,0.294,0.231,OPEN,0.292,0.248,OPEN,0.293,0.239,31,3,0,0.21
337333251,1217,0.288,0.264,OPEN,0.301,0.279,OPEN,0.294,0.272,31,3,0,0.21
337333294,1218,0.294,0.286,OPEN,0.301,0.294,OPEN,0.297,0.29,31,3,0,0.21
337333338,1219,0.285,0.289,OPEN,0.301,0.297,OPEN,0.293,0.293,31,3,0,0.21
337333381,1220,0.285,0.289,OPEN,0.318,0.303,OPEN,0.301,0.296,31,3,0,0.21
337333424,1221,0.285,0.287,OPEN,0.318,0.308,OPEN,0.301,0.297,31,3,0,0.21
337333465,1222,0.3,0.29,OPEN,0.323,0.312,OPEN,0.311,0.301,31,3,0,0.21
337333509,1223,0.334,0.298,OPEN,0.306,0.313,OPEN,0.32,0.305,31,3,0,0.21
337333552,1224,0.3,0.301,OPEN,0.306,0.314,OPEN,0.303,0.307,31,3,0,0.21
337333597,1225,0.317,0.307,OPEN,0.307,0.312,OPEN,0.312,0.309,31,3,0,0.21
337333641,1226,0.328,0.316,OPEN,0.317,0.312,OPEN,0.323,0.314,31,3,0,0.21
337333684,1227,0.33,0.322,OPEN,0.317,0.311,OPEN,0.324,0.317,31,3,0,0.21
337333728,1228,0.33,0.321,OPEN,0.318,0.313,OPEN,0.324,0.317,31,3,0,0.21
337333769,1229,0.323,0.326,OPEN,0.299,0.312,OPEN,0.311,0.319,31,3,0,0.21
337333812,1230,0.089,0.28,OPEN,0.067,0.264,OPEN,0.078,0.272,31,3,0,0.21
337333857,1231,0.034,0.221,OPEN,0.052,0.211,OPEN,0.043,0.216,31,3,0,0.21
337333898,1232,0.054,0.166,CLOSED,0.05,0.157,CLOSED,0.052,0.162,31,3,0,0.21
337333941,1233,0.161,0.132,CLOSED,0.15,0.124,CLOSED,0.155,0.128,31,3,0,0.21
337333984,1234,0.233,0.114,CLOSED,0.217,0.107,CLOSED,0.225,0.111,31,3,0,0.21
337334028,1235,0.286,0.154,CLOSED,0.283,0.15,CLOSED,0.284,0.152,31,3,0,0.21
337334072,1236,0.287,0.204,CLOSED,0.299,0.2,CLOSED,0.293,0.202,31,3,0,0.21
337334114,1237,0.305,0.254,OPEN,0.318,0.253,OPEN,0.311,0.254,32,3,0,0.21
337334159,1238,0.298,0.282,OPEN,0.299,0.283,OPEN,0.298,0.282,32,3,0,0.21
337334203,1239,0.323,0.3,OPEN,0.29,0.298,OPEN,0.306,0.299,32,3,0,0.21
337334243,1240,0.312,0.305,OPEN,0.317,0.305,OPEN,0.315,0.305,32,3,0,0.21
337334292,1241,0.323,0.312,OPEN,0.306,0.306,OPEN,0.315,0.309,32,3,0,0.21
337334333,1242,0.312,0.314,OPEN,0.289,0.3,OPEN,0.3,0.307,32,3,0,0.21
337334379,1243,0.315,0.317,OPEN,0.316,0.304,OPEN,0.316,0.31,32,3,0,0.21
337334419,1244,0.323,0.317,OPEN,0.316,0.309,OPEN,0.32,0.313,32,3,0,0.21
337334463,1245,0.323,0.319,OPEN,0.316,0.309,OPEN,0.32,0.314,32,3,0,0.21
337334506,1246,0.322,0.319,OPEN,0.305,0.308,OPEN,0.314,0.314,32,3,0,0.21
337334548,1247,0.323,0.321,OPEN,0.305,0.312,OPEN,0.314,0.317,32,3,0,0.21
337334589,1248,0.312,0.321,OPEN,0.305,0.309,OPEN,0.308,0.315,32,3,0,0.21
337334636,1249,0.34,0.324,OPEN,0.321,0.31,OPEN,0.331,0.317,32,3,0,0.21
337334676,1250,0.34,0.327,OPEN,0.321,0.311,OPEN,0.331,0.319,32,3,0,0.21
337334719,1251,0.339,0.331,OPEN,0.337,0.318,OPEN,0.338,0.325,32,3,0,0.21
337334766,1252,0.339,0.334,OPEN,0.321,0.321,OPEN,0.33,0.328,32,3,0,0.21
337334807,1253,0.323,0.336,OPEN,0.322,0.324,OPEN,0.323,0.33,32,3,0,0.21
337334853,1254,0.329,0.334,OPEN,0.305,0.321,OPEN,0.317,0.328,32,3,0,0.21
337334894,1255,0.298,0.326,OPEN,0.283,0.314,OPEN,0.29,0.32,32,3,0,0.21
337334939,1256,0.074,0.273,OPEN,0.065,0.259,OPEN,0.07,0.266,32,3,0,0.21
337334982,1257,0.045,0.214,OPEN,0.0,0.195,CLOSED,0.022,0.205,32,3,0,0.21
337335024,1258,0.045,0.158,CLOSED,0.032,0.137,CLOSED,0.038,0.148,32,3,0,0.21
337335066,1259,0.148,0.122,CLOSED,0.133,0.103,CLOSED,0.141,0.112,32,3,0,0.21
337335110,1260,0.222,0.107,CLOSED,0.2,0.086,CLOSED,0.211,0.097,32,3,0,0.21
337335151,1261,0.242,0.14,CLOSED,0.233,0.12,CLOSED,0.237,0.13,32,3,0,0.21
337335196,1262,0.25,0.181,CLOSED,0.25,0.17,CLOSED,0.25,0.175,32,3,0,0.21
337335240,1263,0.25,0.222,OPEN,0.25,0.213,OPEN,0.25,0.217,33,3,0,0.21
337335282,1264,0.268,0.246,OPEN,0.25,0.237,OPEN,0.259,0.241,33,3,0,0.21
337335328,1265,0.268,0.256,OPEN,0.25,0.247,OPEN,0.259,0.252,33,3,0,0.21
337335368,1266,0.286,0.264,OPEN,0.251,0.25,OPEN,0.268,0.257,33,3,0,0.21
337335414,1267,0.287,0.272,OPEN,0.268,0.254,OPEN,0.277,0.263,33,3,0,0.21
337335455,1268,0.288,0.279,OPEN,0.284,0.261,OPEN,0.286,0.27,33,3,0,0.21
337335499,1269,0.306,0.287,OPEN,0.285,0.268,OPEN,0.295,0.277,33,3,0,0.21
337335543,1270,0.295,0.292,OPEN,0.285,0.275,OPEN,0.29,0.283,33,3,0,0.21
337335584,1271,0.304,0.296,OPEN,0.285,0.281,OPEN,0.294,0.288,33,3,0,0.21
337335631,1272,0.305,0.3,OPEN,0.284,0.285,OPEN,0.294,0.292,33,3,0,0.21
337335674,1273,0.305,0.303,OPEN,0.284,0.285,OPEN,0.294,0.294,33,3,0,0.21
337335715,1274,0.305,0.303,OPEN,0.302,0.288,OPEN,0.303,0.295,33,3,0,0.21
337335760,1275,0.194,0.283,OPEN,0.207,0.272,OPEN,0.201,0.277,33,3,0,0.21
337335802,1276,0.036,0.229,OPEN,0.033,0.222,OPEN,0.035,0.226,33,3,0,0.21
337335847,1277,0.018,0.172,CLOSED,0.0,0.165,CLOSED,0.009,0.168,33,3,0,0.21
337335887,1278,0.074,0.125,CLOSED,0.067,0.122,CLOSED,0.071,0.123,33,3,0,0.21
337335933,1279,0.153,0.095,CLOSED,0.1,0.081,CLOSED,0.127,0.088,33,3,0,0.21
337335975,1280,0.187,0.094,CLOSED,0.176,0.075,CLOSED,0.181,0.084,33,3,0,0.21
337336020,1281,0.224,0.131,CLOSED,0.224,0.113,CLOSED,0.224,0.122,33,3,0,0.21
337336060,1282,0.279,0.183,CLOSED,0.241,0.162,CLOSED,0.26,0.172,33,3,0,0.21
337336105,1283,0.279,0.224,OPEN,0.26,0.2,CLOSED,0.27,0.212,33,3,0,0.21
337336148,1284,0.279,0.25,OPEN,0.26,0.232,OPEN,0.27,0.241,34,3,0,0.21
337336191,1285,0.297,0.272,OPEN,0.267,0.25,OPEN,0.282,0.261,34,3,0,0.21
337336233,1286,0.298,0.286,OPEN,0.277,0.261,OPEN,0.287,0.273,34,3,0,0.21
337336280,1287,0.317,0.294,OPEN,0.293,0.271,OPEN,0.305,0.282,34,3,0,0.21
337336321,1288,0.317,0.302,OPEN,0.31,0.281,OPEN,0.314,0.291,34,3,0,0.21
337336364,1289,0.317,0.309,OPEN,0.31,0.291,OPEN,0.314,0.3,34,3,0,0.21
337336407,1290,0.335,0.317,OPEN,0.31,0.3,OPEN,0.323,0.308,34,3,0,0.21
337336450,1291,0.334,0.324,OPEN,0.31,0.307,OPEN,0.322,0.316,34,3,0,0.21
337336495,1292,0.334,0.327,OPEN,0.31,0.31,OPEN,0.322,0.319,34,3,0,0.21
337336535,1293,0.334,0.331,OPEN,0.31,0.31,OPEN,0.322,0.321,34,3,0,0.21
337336583,1294,0.338,0.335,OPEN,0.31,0.31,OPEN,0.324,0.323,34,3,0,0.21
337336626,1295,0.338,0.336,OPEN,0.327,0.313,OPEN,0.333,0.325,34,3,0,0.21
337336666,1296,0.321,0.333,OPEN,0.327,0.317,OPEN,0.324,0.325,34,3,0,0.21
337336712,1297,0.321,0.33,OPEN,0.327,0.32,OPEN,0.324,0.325,34,3,0,0.21
337336755,1298,0.322,0.328,OPEN,0.327,0.324,OPEN,0.325,0.326,34,3,0,0.21
337336796,1299,0.322,0.325,OPEN,0.327,0.327,OPEN,0.325,0.326,34,3,0,0.21
337336839,1300,0.322,0.322,OPEN,0.327,0.327,OPEN,0.325,0.325,34,3,0,0.21
337336885,1301,0.322,0.322,OPEN,0.327,0.327,OPEN,0.325,0.325,34,3,0,0.21
337336928,1302,0.322,0.322,OPEN,0.316,0.325,OPEN,0.319,0.324,34,3,0,0.21
337336970,1303,0.322,0.322,OPEN,0.299,0.319,OPEN,0.31,0.321,34,3,0,0.21
337337015,1304,0.322,0.322,OPEN,0.299,0.314,OPEN,0.31,0.318,34,3,0,0.21
337337058,1305,0.304,0.318,OPEN,0.3,0.308,OPEN,0.302,0.313,34,3,0,0.21
337337104,1306,0.113,0.277,OPEN,0.19,0.281,OPEN,0.151,0.279,34,3,0,0.21
337337144,1307,0.036,0.219,OPEN,0.033,0.224,OPEN,0.035,0.222,34,3,0,0.21
337337188,1308,0.017,0.158,CLOSED,0.017,0.168,CLOSED,0.017,0.163,34,3,0,0.21
337337230,1309,0.071,0.108,CLOSED,0.083,0.125,CLOSED,0.077,0.116,34,3,0,0.21
337337273,1310,0.107,0.069,CLOSED,0.103,0.085,CLOSED,0.105,0.077,34,3,0,0.21
337337315,1311,0.167,0.08,CLOSED,0.157,0.079,CLOSED,0.162,0.08,34,3,0,0.21
337337358,1312,0.205,0.113,CLOSED,0.191,0.11,CLOSED,0.198,0.112,34,3,0,0.21
337337402,1313,0.216,0.153,CLOSED,0.225,0.152,CLOSED,0.221,0.152,34,3,0,0.21
337337445,1314,0.27,0.193,CLOSED,0.26,0.187,CLOSED,0.265,0.19,34,3,0,0.21
337337489,1315,0.269,0.225,OPEN,0.277,0.222,OPEN,0.273,0.224,35,3,0,0.21
337337532,1316,0.286,0.249,OPEN,0.293,0.249,OPEN,0.289,0.249,35,3,0,0.21
337337575,1317,0.305,0.269,OPEN,0.293,0.27,OPEN,0.299,0.27,35,3,0,0.21
337337621,1318,0.305,0.287,OPEN,0.31,0.287,OPEN,0.307,0.287,35,3,0,0.21
337337663,1319,0.305,0.294,OPEN,0.31,0.297,OPEN,0.307,0.295,35,3,0,0.21
337337705,1320,0.304,0.301,OPEN,0.31,0.303,OPEN,0.307,0.302,35,3,0,0.21
337337751,1321,0.322,0.308,OPEN,0.311,0.307,OPEN,0.317,0.307,35,3,0,0.21
337337793,1322,0.322,0.312,OPEN,0.31,0.31,OPEN,0.316,0.311,35,3,0,0.21
337337836,1323,0.304,0.311,OPEN,0.31,0.31,OPEN,0.307,0.31,35,3,0,0.21
337337881,1324,0.304,0.311,OPEN,0.31,0.31,OPEN,0.307,0.31,35,3,0,0.21
337337924,1325,0.304,0.311,OPEN,0.31,0.31,OPEN,0.307,0.31,35,3,0,0.21
337337967,1326,0.304,0.308,OPEN,0.31,0.31,OPEN,0.307,0.309,35,3,0,0.21
337338008,1327,0.305,0.304,OPEN,0.31,0.31,OPEN,0.307,0.307,35,3,0,0.21
337338051,1328,0.317,0.307,OPEN,0.31,0.31,OPEN,0.314,0.308,35,3,0,0.21
337338095,1329,0.305,0.307,OPEN,0.311,0.31,OPEN,0.308,0.308,35,3,0,0.21
337338137,1330,0.304,0.307,OPEN,0.3,0.308,OPEN,0.302,0.307,35,3,0,0.21
337338181,1331,0.304,0.307,OPEN,0.299,0.306,OPEN,0.301,0.306,35,3,0,0.21
337338228,1332,0.323,0.311,OPEN,0.299,0.304,OPEN,0.311,0.307,35,3,0,0.21
337338269,1333,0.322,0.312,OPEN,0.31,0.304,OPEN,0.316,0.308,35,3,0,0.21
337338313,1334,0.34,0.319,OPEN,0.301,0.302,OPEN,0.321,0.31,35,3,0,0.21
337338356,1335,0.305,0.319,OPEN,0.299,0.302,OPEN,0.302,0.31,35,3,0,0.21
337338399,1336,0.295,0.317,OPEN,0.299,0.302,OPEN,0.297,0.309,35,3,0,0.21
337338440,1337,0.295,0.311,OPEN,0.289,0.3,OPEN,0.292,0.305,35,3,0,0.21
337338484,1338,0.295,0.306,OPEN,0.315,0.301,OPEN,0.305,0.303,35,3,0,0.21
337338527,1339,0.295,0.297,OPEN,0.315,0.303,OPEN,0.305,0.3,35,3,0,0.21
337338572,1340,0.312,0.298,OPEN,0.315,0.307,OPEN,0.314,0.302,35,3,0,0.21
337338612,1341,0.312,0.302,OPEN,0.315,0.31,OPEN,0.314,0.306,35,3,0,0.21
337338659,1342,0.312,0.305,OPEN,0.315,0.315,OPEN,0.314,0.31,35,3,0,0.21
337338699,1343,0.322,0.311,OPEN,0.315,0.315,OPEN,0.319,0.313,35,3,0,0.21
337338742,1344,0.329,0.317,OPEN,0.316,0.315,OPEN,0.323,0.316,35,3,0,0.21
337338788,1345,0.305,0.316,OPEN,0.3,0.312,OPEN,0.302,0.314,35,3,0,0.21
337338828,1346,0.304,0.314,OPEN,0.282,0.306,OPEN,0.293,0.31,35,3,0,0.21
337338875,1347,0.295,0.311,OPEN,0.282,0.299,OPEN,0.288,0.305,35,3,0,0.21
337338916,1348,0.295,0.306,OPEN,0.289,0.294,OPEN,0.292,0.3,35,3,0,0.21
337338962,1349,0.295,0.299,OPEN,0.305,0.292,OPEN,0.3,0.295,35,3,0,0.21
337339004,1350,0.295,0.297,OPEN,0.289,0.289,OPEN,0.292,0.293,35,3,0,0.21
337339047,1351,0.305,0.297,OPEN,0.315,0.296,OPEN,0.31,0.296,35,3,0,0.21
337339092,1352,0.305,0.299,OPEN,0.299,0.299,OPEN,0.302,0.299,35,3,0,0.21
337339134,1353,0.182,0.276,OPEN,0.185,0.279,OPEN,0.183,0.278,35,3,0,0.21
337339176,1354,0.034,0.224,OPEN,0.039,0.225,OPEN,0.037,0.225,35,3,0,0.21
337339219,1355,0.034,0.172,CLOSED,0.016,0.171,CLOSED,0.025,0.171,35,3,0,0.21
337339262,1356,0.034,0.118,CLOSED,0.062,0.12,CLOSED,0.048,0.119,35,3,0,0.21
337339307,1357,0.142,0.085,CLOSED,0.117,0.084,CLOSED,0.13,0.085,35,3,0,0.21
337339351,1358,0.214,0.092,CLOSED,0.167,0.08,CLOSED,0.191,0.086,35,3,0,0.21
337339393,1359,0.25,0.135,CLOSED,0.234,0.119,CLOSED,0.242,0.127,35,3,0,0.21
337339437,1360,0.287,0.185,CLOSED,0.267,0.169,CLOSED,0.277,0.177,35,3,0,0.21
337339481,1361,0.287,0.236,OPEN,0.267,0.21,OPEN,0.277,0.223,36,3,0,0.21
337339521,1362,0.287,0.265,OPEN,0.275,0.242,OPEN,0.281,0.254,36,3,0,0.21
337339567,1363,0.297,0.282,OPEN,0.267,0.262,OPEN,0.282,0.272,36,3,0,0.21
337339609,1364,0.286,0.289,OPEN,0.267,0.269,OPEN,0.276,0.279,36,3,0,0.21
337339651,1365,0.305,0.292,OPEN,0.268,0.269,OPEN,0.286,0.28,36,3,0,0.21
337339698,1366,0.304,0.296,OPEN,0.29,0.273,OPEN,0.297,0.284,36,3,0,0.21
337339741,1367,0.304,0.299,OPEN,0.301,0.279,OPEN,0.302,0.289,36,3,0,0.21
337339783,1368,0.295,0.299,OPEN,0.284,0.282,OPEN,0.289,0.29,36,3,0,0.21
337339825,1369,0.304,0.302,OPEN,0.316,0.292,OPEN,0.31,0.297,36,3,0,0.21
337339870,1370,0.304,0.302,OPEN,0.327,0.304,OPEN,0.316,0.303,36,3,0,0.21
337339909,1371,0.295,0.3,OPEN,0.317,0.309,OPEN,0.306,0.304,36,3,0,0.21
337339957,1372,0.339,0.307,OPEN,0.318,0.312,OPEN,0.329,0.309,36,3,0,0.21
337339999,1373,0.322,0.313,OPEN,0.315,0.319,OPEN,0.319,0.316,36,3,0,0.21
337340043,1374,0.329,0.318,OPEN,0.333,0.322,OPEN,0.331,0.32,36,3,0,0.21
337340083,1375,0.339,0.325,OPEN,0.318,0.32,OPEN,0.329,0.323,36,3,0,0.21
337340126,1376,0.339,0.334,OPEN,0.318,0.32,OPEN,0.329,0.327,36,3,0,0.21
337340170,1377,0.329,0.332,OPEN,0.318,0.32,OPEN,0.324,0.326,36,3,0,0.21
337340214,1378,0.329,0.333,OPEN,0.318,0.321,OPEN,0.324,0.327,36,3,0,0.21
337340259,1379,0.329,0.333,OPEN,0.318,0.318,OPEN,0.324,0.326,36,3,0,0.21
337340301,1380,0.312,0.328,OPEN,0.306,0.316,OPEN,0.309,0.322,36,3,0,0.21
337340344,1381,0.312,0.322,OPEN,0.3,0.312,OPEN,0.306,0.317,36,3,0,0.21
337340389,1382,0.331,0.323,OPEN,0.317,0.312,OPEN,0.324,0.318,36,3,0,0.21
337340432,1383,0.314,0.32,OPEN,0.333,0.315,OPEN,0.324,0.318,36,3,0,0.21
337340473,1384,0.329,0.32,OPEN,0.334,0.318,OPEN,0.332,0.319,36,3,0,0.21
337340519,1385,0.312,0.32,OPEN,0.306,0.318,OPEN,0.309,0.319,36,3,0,0.21
337340562,1386,0.294,0.316,OPEN,0.318,0.322,OPEN,0.306,0.319,36,3,0,0.21
337340603,1387,0.277,0.305,OPEN,0.265,0.311,OPEN,0.271,0.308,36,3,0,0.21
337340648,1388,0.159,0.274,OPEN,0.207,0.286,OPEN,0.183,0.28,36,3,0,0.21
337340692,1389,0.017,0.212,OPEN,0.017,0.223,OPEN,0.017,0.217,36,3,0,0.21
337340733,1390,0.017,0.153,CLOSED,0.016,0.165,CLOSED,0.017,0.159,36,3,0,0.21
337340775,1391,0.033,0.101,CLOSED,0.032,0.107,CLOSED,0.033,0.104,36,3,0,0.21
337340821,1392,0.0,0.045,CLOSED,0.016,0.058,CLOSED,0.008,0.052,36,3,0,0.21
337340862,1393,0.032,0.02,CLOSED,0.016,0.019,CLOSED,0.024,0.019,36,3,0,0.21
337340908,1394,0.033,0.023,CLOSED,0.031,0.022,CLOSED,0.032,0.022,36,3,0,0.21
337340951,1395,0.032,0.026,CLOSED,0.016,0.022,CLOSED,0.024,0.024,36,3,0,0.21
337340995,1396,0.032,0.026,CLOSED,0.015,0.019,CLOSED,0.024,0.022,36,3,0,0.21
337341037,1397,0.0,0.026,CLOSED,0.0,0.016,CLOSED,0.0,0.021,36,3,0,0.21
337341082,1398,0.033,0.026,CLOSED,0.032,0.019,CLOSED,0.033,0.022,36,3,0,0.21
337341124,1399,0.162,0.052,CLOSED,0.142,0.041,CLOSED,0.152,0.046,36,3,0,0.21
337341167,1400,0.247,0.095,CLOSED,0.21,0.08,CLOSED,0.228,0.087,36,3,0,0.21
337341210,1401,0.299,0.148,CLOSED,0.278,0.132,CLOSED,0.288,0.14,36,3,0,0.21
337341252,1402,0.3,0.208,CLOSED,0.302,0.193,CLOSED,0.301,0.201,36,3,0,0.21
337341298,1403,0.289,0.259,OPEN,0.285,0.243,OPEN,0.287,0.251,37,3,0,0.21
337341338,1404,0.29,0.285,OPEN,0.302,0.275,OPEN,0.296,0.28,37,3,0,0.21
337341384,1405,0.304,0.296,OPEN,0.302,0.294,OPEN,0.303,0.295,37,3,0,0.21
337341425,1406,0.315,0.3,OPEN,0.305,0.299,OPEN,0.31,0.299,37,3,0,0.21
337341471,1407,0.333,0.306,OPEN,0.323,0.303,OPEN,0.328,0.304,37,3,0,0.21
337341513,1408,0.322,0.313,OPEN,0.292,0.305,OPEN,0.307,0.309,37,3,0,0.21
337341555,1409,0.304,0.316,OPEN,0.307,0.306,OPEN,0.305,0.311,37,3,0,0.21
337341601,1410,0.304,0.316,OPEN,0.302,0.306,OPEN,0.303,0.311,37,3,0,0.21
337341643,1411,0.312,0.315,OPEN,0.318,0.308,OPEN,0.315,0.311,37,3,0,0.21
337341686,1412,0.306,0.31,OPEN,0.321,0.308,OPEN,0.314,0.309,37,3,0,0.21
337341730,1413,0.306,0.306,OPEN,0.308,0.311,OPEN,0.307,0.308,37,3,0,0.21
337341773,1414,0.324,0.31,OPEN,0.302,0.31,OPEN,0.313,0.31,37,3,0,0.21
337341814,1415,0.312,0.312,OPEN,0.295,0.309,OPEN,0.303,0.31,37,3,0,0.21
337341859,1416,0.325,0.315,OPEN,0.294,0.304,OPEN,0.309,0.309,37,3,0,0.21
337341901,1417,0.307,0.315,OPEN,0.318,0.303,OPEN,0.312,0.309,37,3,0,0.21
337341947,1418,0.325,0.319,OPEN,0.318,0.305,OPEN,0.322,0.312,37,3,0,0.21
337341988,1419,0.32,0.318,OPEN,0.351,0.315,OPEN,0.336,0.317,37,3,0,0.21
337342031,1420,0.338,0.323,OPEN,0.318,0.32,OPEN,0.328,0.322,37,3,0,0.21
337342076,1421,0.326,0.323,OPEN,0.32,0.325,OPEN,0.323,0.324,37,3,0,0.21
337342118,1422,0.327,0.327,OPEN,0.318,0.325,OPEN,0.323,0.326,37,3,0,0.21
337342161,1423,0.32,0.326,OPEN,0.317,0.325,OPEN,0.319,0.326,37,3,0,0.21
337342206,1424,0.321,0.326,OPEN,0.317,0.318,OPEN,0.319,0.322,37,3,0,0.21
337342249,1425,0.321,0.323,OPEN,0.318,0.318,OPEN,0.32,0.321,37,3,0,0.21
337342290,1426,0.31,0.32,OPEN,0.317,0.317,OPEN,0.314,0.319,37,3,0,0.21
337342335,1427,0.31,0.316,OPEN,0.333,0.32,OPEN,0.322,0.318,37,3,0,0.21
337342381,1428,0.327,0.318,OPEN,0.337,0.324,OPEN,0.332,0.321,37,3,0,0.21
337342419,1429,0.36,0.326,OPEN,0.354,0.332,OPEN,0.357,0.329,37,3,0,0.21
337342463,1430,0.396,0.341,OPEN,0.385,0.345,OPEN,0.391,0.343,37,3,0,0.21
337342509,1431,0.434,0.365,OPEN,0.4,0.362,OPEN,0.417,0.363,37,3,0,0.21
337342552,1432,0.432,0.39,OPEN,0.404,0.376,OPEN,0.418,0.383,37,3,0,0.21
337342595,1433,0.415,0.407,OPEN,0.404,0.389,OPEN,0.409,0.398,37,3,0,0.21
337342638,1434,0.432,0.422,OPEN,0.404,0.399,OPEN,0.418,0.41,37,3,0,0.21
337342684,1435,0.419,0.426,OPEN,0.404,0.403,OPEN,0.411,0.414,37,3,0,0.21
337342725,1436,0.402,0.42,OPEN,0.417,0.407,OPEN,0.409,0.413,37,3,0,0.21
337342768,1437,0.432,0.42,OPEN,0.418,0.409,OPEN,0.425,0.414,37,3,0,0.21
337342811,1438,0.436,0.424,OPEN,0.404,0.409,OPEN,0.42,0.416,37,3,0,0.21
337342852,1439,0.419,0.422,OPEN,0.42,0.413,OPEN,0.419,0.417,37,3,0,0.21
337342896,1440,0.419,0.422,OPEN,0.421,0.416,OPEN,0.42,0.419,37,3,0,0.21
337342941,1441,0.419,0.425,OPEN,0.421,0.417,OPEN,0.42,0.421,37,3,0,0.21
337342983,1442,0.436,0.426,OPEN,0.405,0.414,OPEN,0.42,0.42,37,3,0,0.21
337343025,1443,0.403,0.419,OPEN,0.418,0.417,OPEN,0.41,0.418,37,3,0,0.21
337343069,1444,0.403,0.416,OPEN,0.418,0.417,OPEN,0.41,0.416,37,3,0,0.21
337343115,1445,0.403,0.413,OPEN,0.405,0.413,OPEN,0.404,0.413,37,3,0,0.21
337343157,1446,0.417,0.412,OPEN,0.405,0.41,OPEN,0.411,0.411,37,3,0,0.21
337343200,1447,0.434,0.412,OPEN,0.405,0.41,OPEN,0.419,0.411,37,3,0,0.21
337343244,1448,0.387,0.409,OPEN,0.405,0.408,OPEN,0.396,0.408,37,3,0,0.21
337343287,1449,0.415,0.411,OPEN,0.407,0.405,OPEN,0.411,0.408,37,3,0,0.21
337343329,1450,0.417,0.414,OPEN,0.419,0.408,OPEN,0.418,0.411,37,3,0,0.21
337343372,1451,0.417,0.414,OPEN,0.403,0.408,OPEN,0.41,0.411,37,3,0,0.21
337343418,1452,0.351,0.397,OPEN,0.367,0.4,OPEN,0.359,0.399,37,3,0,0.21
337343458,1453,0.225,0.365,OPEN,0.19,0.357,OPEN,0.208,0.361,37,3,0,0.21
337343502,1454,0.037,0.289,OPEN,0.017,0.279,OPEN,0.027,0.284,37,3,0,0.21
337343547,1455,0.033,0.213,OPEN,0.032,0.202,CLOSED,0.033,0.208,37,3,0,0.21
337343590,1456,0.017,0.133,CLOSED,0.039,0.129,CLOSED,0.028,0.131,37,3,0,0.21
337343631,1457,0.017,0.066,CLOSED,0.031,0.062,CLOSED,0.024,0.064,37,3,0,0.21
337343677,1458,0.053,0.031,CLOSED,0.016,0.027,CLOSED,0.035,0.029,37,3,0,0.21
337343720,1459,0.148,0.054,CLOSED,0.135,0.051,CLOSED,0.142,0.052,37,3,0,0.21
337343761,1460,0.242,0.095,CLOSED,0.206,0.085,CLOSED,0.224,0.09,37,3,0,0.21
337343804,1461,0.268,0.146,CLOSED,0.251,0.128,CLOSED,0.26,0.137,37,3,0,0.21
337343850,1462,0.286,0.199,CLOSED,0.286,0.179,CLOSED,0.286,0.189,37,3,0,0.21
337343891,1463,0.286,0.246,OPEN,0.277,0.231,OPEN,0.281,0.238,38,3,0,0.21
337343936,1464,0.315,0.279,OPEN,0.295,0.263,OPEN,0.305,0.271,38,3,0,0.21
337343979,1465,0.303,0.292,OPEN,0.294,0.281,OPEN,0.298,0.286,38,3,0,0.21
337344022,1466,0.303,0.299,OPEN,0.311,0.293,OPEN,0.307,0.296,38,3,0,0.21
337344066,1467,0.303,0.302,OPEN,0.311,0.298,OPEN,0.307,0.3,38,3,0,0.21
337344110,1468,0.322,0.309,OPEN,0.34,0.31,OPEN,0.331,0.309,38,3,0,0.21
337344151,1469,0.303,0.307,OPEN,0.339,0.319,OPEN,0.321,0.313,38,3,0,0.21
337344196,1470,0.31,0.308,OPEN,0.311,0.322,OPEN,0.31,0.315,38,3,0,0.21
337344236,1471,0.321,0.312,OPEN,0.328,0.326,OPEN,0.325,0.319,38,3,0,0.21
337344283,1472,0.322,0.316,OPEN,0.317,0.327,OPEN,0.32,0.322,38,3,0,0.21
337344323,1473,0.312,0.314,OPEN,0.31,0.321,OPEN,0.311,0.318,38,3,0,0.21
337344369,1474,0.323,0.318,OPEN,0.311,0.315,OPEN,0.317,0.317,38,3,0,0.21
337344412,1475,0.323,0.32,OPEN,0.328,0.319,OPEN,0.326,0.32,38,3,0,0.21
337344453,1476,0.323,0.321,OPEN,0.328,0.319,OPEN,0.326,0.32,38,3,0,0.21
337344497,1477,0.323,0.321,OPEN,0.328,0.321,OPEN,0.326,0.321,38,3,0,0.21
337344539,1478,0.305,0.319,OPEN,0.328,0.325,OPEN,0.317,0.322,38,3,0,0.21
337344585,1479,0.305,0.316,OPEN,0.328,0.328,OPEN,0.317,0.322,38,3,0,0.21
337344626,1480,0.323,0.316,OPEN,0.328,0.328,OPEN,0.326,0.322,38,3,0,0.21
337344672,1481,0.335,0.318,OPEN,0.328,0.328,OPEN,0.332,0.323,38,3,0,0.21
337344714,1482,0.335,0.321,OPEN,0.328,0.328,OPEN,0.332,0.325,38,3,0,0.21
337344756,1483,0.323,0.324,OPEN,0.328,0.328,OPEN,0.326,0.326,38,3,0,0.21
337344800,1484,0.322,0.328,OPEN,0.328,0.328,OPEN,0.325,0.328,38,3,0,0.21
337344845,1485,0.34,0.331,OPEN,0.327,0.328,OPEN,0.334,0.33,38,3,0,0.21
337344887,1486,0.322,0.328,OPEN,0.327,0.328,OPEN,0.325,0.328,38,3,0,0.21
337344931,1487,0.34,0.329,OPEN,0.327,0.327,OPEN,0.334,0.328,38,3,0,0.21
337344973,1488,0.328,0.33,OPEN,0.345,0.331,OPEN,0.337,0.331,38,3,0,0.21
337345016,1489,0.34,0.334,OPEN,0.333,0.332,OPEN,0.337,0.333,38,3,0,0.21
337345060,1490,0.328,0.332,OPEN,0.318,0.33,OPEN,0.323,0.331,38,3,0,0.21
337345105,1491,0.328,0.333,OPEN,0.3,0.325,OPEN,0.314,0.329,38,3,0,0.21
337345145,1492,0.216,0.308,OPEN,0.241,0.307,OPEN,0.228,0.307,38,3,0,0.21
337345189,1493,0.034,0.249,OPEN,0.048,0.248,OPEN,0.041,0.248,38,3,0,0.21
337345234,1494,0.017,0.185,CLOSED,0.0,0.181,CLOSED,0.009,0.183,38,3,0,0.21
337345278,1495,0.017,0.122,CLOSED,0.031,0.124,CLOSED,0.024,0.123,38,3,0,0.21
337345320,1496,0.087,0.074,CLOSED,0.099,0.084,CLOSED,0.093,0.079,38,3,0,0.21
337345362,1497,0.117,0.054,CLOSED,0.145,0.065,CLOSED,0.131,0.059,38,3,0,0.21
337345406,1498,0.191,0.086,CLOSED,0.194,0.094,CLOSED,0.193,0.09,38,3,0,0.21
337345448,1499,0.26,0.134,CLOSED,0.228,0.139,CLOSED,0.244,0.137,38,3,0,0.21
337345492,1500,0.31,0.193,CLOSED,0.276,0.188,CLOSED,0.293,0.191,38,3,0,0.21
337345534,1501,0.327,0.241,OPEN,0.308,0.23,OPEN,0.318,0.235,39,3,0,0.21
337345580,1502,0.328,0.283,OPEN,0.308,0.263,OPEN,0.318,0.273,39,3,0,0.21
337345620,1503,0.328,0.311,OPEN,0.306,0.285,OPEN,0.317,0.298,39,3,0,0.21
337345666,1504,0.31,0.321,OPEN,0.306,0.301,OPEN,0.308,0.311,39,3,0,0.21
337345708,1505,0.329,0.324,OPEN,0.318,0.309,OPEN,0.324,0.317,39,3,0,0.21
337345753,1506,0.365,0.332,OPEN,0.333,0.314,OPEN,0.349,0.323,39,3,0,0.21
337345795,1507,0.329,0.332,OPEN,0.322,0.317,OPEN,0.326,0.325,39,3,0,0.21
337345839,1508,0.329,0.332,OPEN,0.316,0.319,OPEN,0.323,0.326,39,3,0,0.21
337345881,1509,0.331,0.337,OPEN,0.299,0.318,OPEN,0.315,0.328,39,3,0,0.21
337345923,1510,0.329,0.337,OPEN,0.289,0.312,OPEN,0.309,0.325,39,3,0,0.21
337345967,1511,0.315,0.327,OPEN,0.289,0.303,OPEN,0.302,0.315,39,3,0,0.21
337346011,1512,0.343,0.329,OPEN,0.307,0.3,OPEN,0.325,0.315,39,3,0,0.21
337346055,1513,0.332,0.33,OPEN,0.349,0.307,OPEN,0.341,0.319,39,3,0,0.21
337346097,1514,0.316,0.327,OPEN,0.339,0.315,OPEN,0.328,0.321,39,3,0,0.21
337346143,1515,0.322,0.326,OPEN,0.339,0.325,OPEN,0.331,0.326,39,3,0,0.21
337346184,1516,0.317,0.326,OPEN,0.329,0.333,OPEN,0.323,0.33,39,3,0,0.21
337346227,1517,0.322,0.322,OPEN,0.307,0.333,OPEN,0.315,0.328,39,3,0,0.21
337346272,1518,0.317,0.319,OPEN,0.339,0.331,OPEN,0.328,0.325,39,3,0,0.21
337346315,1519,0.274,0.31,OPEN,0.291,0.321,OPEN,0.282,0.316,39,3,0,0.21
337346357,1520,0.258,0.298,OPEN,0.276,0.308,OPEN,0.267,0.303,39,3,0,0.21
337346402,1521,0.266,0.287,OPEN,0.26,0.295,OPEN,0.263,0.291,39,3,0,0.21
337346445,1522,0.274,0.278,OPEN,0.26,0.285,OPEN,0.267,0.281,39,3,0,0.21
337346487,1523,0.274,0.269,OPEN,0.259,0.269,OPEN,0.267,0.269,39,3,0,0.21
337346531,1524,0.264,0.267,OPEN,0.285,0.268,OPEN,0.274,0.268,39,3,0,0.21
337346571,1525,0.25,0.266,OPEN,0.268,0.266,OPEN,0.259,0.266,39,3,0,0.21
337346618,1526,0.242,0.261,OPEN,0.267,0.268,OPEN,0.255,0.265,39,3,0,0.21
337346660,1527,0.164,0.239,OPEN,0.18,0.252,OPEN,0.172,0.245,39,3,0,0.21
337346704,1528,0.03,0.19,CLOSED,0.064,0.213,OPEN,0.047,0.202,39,3,0,0.21
337346747,1529,0.031,0.143,CLOSED,0.083,0.172,CLOSED,0.057,0.157,39,3,0,0.21
337346788,1530,0.185,0.13,CLOSED,0.208,0.16,CLOSED,0.197,0.145,39,3,0,0.21
337346833,1531,0.269,0.136,CLOSED,0.283,0.164,CLOSED,0.276,0.15,39,3,0,0.21
337346879,1532,0.294,0.162,CLOSED,0.299,0.187,CLOSED,0.296,0.174,39,3,0,0.2
337346915,1533,0.302,0.216,OPEN,0.307,0.236,OPEN,0.304,0.226,40,3,0,0.2
337346965,1534,0.294,0.269,OPEN,0.306,0.281,OPEN,0.3,0.275,40,3,0,0.2
337347004,1535,0.294,0.291,OPEN,0.306,0.3,OPEN,0.3,0.295,40,3,0,0.2
337347052,1536,0.329,0.303,OPEN,0.291,0.302,OPEN,0.31,0.302,40,3,0,0.2
337347094,1537,0.31,0.306,OPEN,0.306,0.303,OPEN,0.308,0.304,40,3,0,0.2
337347137,1538,0.285,0.302,OPEN,0.291,0.3,OPEN,0.288,0.301,40,3,0,0.2
337347178,1539,0.312,0.306,OPEN,0.307,0.3,OPEN,0.309,0.303,40,3,0,0.2
337347226,1540,0.358,0.319,OPEN,0.307,0.3,OPEN,0.333,0.309,40,3,0,0.2
337347267,1541,0.329,0.319,OPEN,0.307,0.304,OPEN,0.318,0.311,40,3,0,0.2
337347309,1542,0.329,0.323,OPEN,0.306,0.304,OPEN,0.318,0.314,40,3,0,0.2
337347354,1543,0.339,0.333,OPEN,0.306,0.307,OPEN,0.323,0.32,40,3,0,0.21
337347396,1544,0.34,0.339,OPEN,0.306,0.306,OPEN,0.323,0.323,40,3,0,0.21
337347439,1545,0.34,0.335,OPEN,0.306,0.306,OPEN,0.323,0.321,40,3,0,0.21
337347483,1546,0.34,0.338,OPEN,0.307,0.306,OPEN,0.324,0.322,40,3,0,0.21
337347527,1547,0.34,0.34,OPEN,0.307,0.306,OPEN,0.324,0.323,40,3,0,0.22
337347569,1548,0.329,0.338,OPEN,0.307,0.307,OPEN,0.318,0.323,40,3,0,0.22
337347612,1549,0.331,0.336,OPEN,0.323,0.31,OPEN,0.327,0.323,40,3,0,0.22
337347653,1550,0.329,0.334,OPEN,0.323,0.313,OPEN,0.326,0.324,40,3,0,0.22
337347700,1551,0.329,0.332,OPEN,0.322,0.316,OPEN,0.326,0.324,40,3,0,0.23
337347740,1552,0.329,0.329,OPEN,0.333,0.322,OPEN,0.331,0.326,40,3,0,0.23
337347784,1553,0.329,0.329,OPEN,0.333,0.327,OPEN,0.331,0.328,40,3,0,0.23
337347829,1554,0.329,0.329,OPEN,0.333,0.329,OPEN,0.331,0.329,40,3,0,0.23
337347872,1555,0.329,0.329,OPEN,0.333,0.331,OPEN,0.331,0.33,40,3,0,0.24
337347917,1556,0.327,0.329,OPEN,0.322,0.331,OPEN,0.325,0.33,40,3,0,0.24
337347958,1557,0.312,0.325,OPEN,0.322,0.329,OPEN,0.317,0.327,40,3,0,0.24
337347999,1558,0.312,0.322,OPEN,0.321,0.326,OPEN,0.317,0.324,40,3,0,0.24
337348044,1559,0.312,0.318,OPEN,0.306,0.321,OPEN,0.309,0.32,40,3,0,0.24
337348086,1560,0.329,0.318,OPEN,0.317,0.318,OPEN,0.323,0.318,40,3,0,0.24
337348132,1561,0.329,0.319,OPEN,0.317,0.317,OPEN,0.323,0.318,40,3,0,0.24
337348172,1562,0.329,0.322,OPEN,0.322,0.317,OPEN,0.326,0.32,40,3,0,0.24
337348218,1563,0.331,0.326,OPEN,0.322,0.317,OPEN,0.327,0.322,40,3,0,0.24
337348261,1564,0.329,0.329,OPEN,0.333,0.322,OPEN,0.331,0.326,40,3,0,0.24
337348303,1565,0.331,0.33,OPEN,0.332,0.325,OPEN,0.332,0.328,40,3,0,0.24
337348349,1566,0.34,0.332,OPEN,0.321,0.326,OPEN,0.331,0.329,40,3,0,0.23
337348389,1567,0.34,0.334,OPEN,0.333,0.328,OPEN,0.337,0.331,40,3,0,0.23
337348433,1568,0.329,0.334,OPEN,0.333,0.33,OPEN,0.331,0.332,40,3,0,0.23
337348478,1569,0.331,0.334,OPEN,0.316,0.327,OPEN,0.324,0.331,40,3,0,0.23
337348521,1570,0.312,0.33,OPEN,0.317,0.324,OPEN,0.315,0.327,40,3,0,0.23
337348563,1571,0.311,0.325,OPEN,0.316,0.323,OPEN,0.314,0.324,40,3,0,0.22
337348608,1572,0.312,0.319,OPEN,0.322,0.321,OPEN,0.317,0.32,40,3,0,0.22
337348649,1573,0.301,0.313,OPEN,0.333,0.321,OPEN,0.317,0.317,40,3,0,0.22
337348693,1574,0.315,0.31,OPEN,0.332,0.324,OPEN,0.324,0.317,40,3,0,0.21
337348738,1575,0.329,0.314,OPEN,0.333,0.327,OPEN,0.331,0.321,40,3,0,0.21
337348779,1576,0.331,0.318,OPEN,0.333,0.331,OPEN,0.332,0.325,40,3,0,0.21
337348823,1577,0.329,0.321,OPEN,0.331,0.332,OPEN,0.33,0.327,40,3,0,0.21
337348866,1578,0.332,0.327,OPEN,0.304,0.327,OPEN,0.318,0.327,40,3,0,0.21
337348912,1579,0.314,0.327,OPEN,0.316,0.323,OPEN,0.315,0.325,40,3,0,0.2
337348954,1580,0.331,0.327,OPEN,0.316,0.32,OPEN,0.324,0.324,40,3,0,0.2
337348998,1581,0.329,0.327,OPEN,0.316,0.317,OPEN,0.323,0.322,40,3,0,0.2
337349038,1582,0.329,0.327,OPEN,0.332,0.317,OPEN,0.331,0.322,40,3,0,0.2
337349084,1583,0.312,0.323,OPEN,0.332,0.322,OPEN,0.322,0.323,40,3,0,0.2
337349129,1584,0.329,0.326,OPEN,0.333,0.326,OPEN,0.331,0.326,40,3,0,0.19
337349170,1585,0.329,0.326,OPEN,0.35,0.333,OPEN,0.34,0.33,40,3,0,0.19
337349212,1586,0.329,0.326,OPEN,0.35,0.339,OPEN,0.34,0.333,40,3,0,0.19
337349257,1587,0.329,0.326,OPEN,0.317,0.336,OPEN,0.323,0.331,40,3,0,0.18
337349299,1588,0.329,0.329,OPEN,0.332,0.336,OPEN,0.331,0.333,40,3,0,0.18
337349342,1589,0.312,0.326,OPEN,0.316,0.333,OPEN,0.314,0.33,40,3,0,0.18
337349386,1590,0.312,0.322,OPEN,0.317,0.326,OPEN,0.315,0.324,40,3,0,0.18
337349429,1591,0.329,0.322,OPEN,0.316,0.32,OPEN,0.323,0.321,40,3,0,0.17
337349473,1592,0.329,0.322,OPEN,0.316,0.319,OPEN,0.323,0.321,40,3,0,0.17
337349516,1593,0.34,0.324,OPEN,0.333,0.32,OPEN,0.337,0.322,40,3,0,0.17
337349558,1594,0.34,0.33,OPEN,0.333,0.323,OPEN,0.337,0.327,40,3,0,0.17
337349602,1595,0.34,0.336,OPEN,0.331,0.326,OPEN,0.336,0.331,40,3,0,0.17
337349645,1596,0.34,0.338,OPEN,0.331,0.329,OPEN,0.336,0.334,40,3,0,0.18
337349689,1597,0.346,0.341,OPEN,0.332,0.332,OPEN,0.339,0.337,40,3,0,0.18
337349732,1598,0.348,0.343,OPEN,0.321,0.33,OPEN,0.335,0.337,40,3,0,0.18
337349774,1599,0.351,0.345,OPEN,0.32,0.327,OPEN,0.336,0.336,40,3,0,0.18
337349820,1600,0.346,0.346,OPEN,0.321,0.325,OPEN,0.334,0.336,40,3,0,0.19
337349861,1601,0.346,0.347,OPEN,0.321,0.323,OPEN,0.334,0.335,40,3,0,0.19
337349904,1602,0.346,0.347,OPEN,0.321,0.321,OPEN,0.334,0.334,40,3,0,0.19
337349946,1603,0.346,0.347,OPEN,0.321,0.321,OPEN,0.334,0.334,40,3,0,0.19
337349992,1604,0.346,0.346,OPEN,0.321,0.321,OPEN,0.334,0.334,40,3,0,0.2
337350035,1605,0.346,0.346,OPEN,0.321,0.321,OPEN,0.334,0.334,40,3,0,0.2
337350076,1606,0.358,0.348,OPEN,0.322,0.321,OPEN,0.34,0.335,40,3,0,0.2
337350122,1607,0.345,0.348,OPEN,0.305,0.318,OPEN,0.325,0.333,40,3,0,0.21
337350165,1608,0.329,0.345,OPEN,0.321,0.318,OPEN,0.325,0.332,40,3,0,0.21
337350207,1609,0.331,0.342,OPEN,0.337,0.321,OPEN,0.334,0.332,40,3,0,0.21
337350253,1610,0.331,0.339,OPEN,0.332,0.323,OPEN,0.332,0.331,40,3,0,0.22
337350295,1611,0.331,0.333,OPEN,0.332,0.325,OPEN,0.332,0.329,40,3,0,0.22
337350335,1612,0.348,0.334,OPEN,0.332,0.331,OPEN,0.34,0.333,40,3,0,0.22
337350380,1613,0.348,0.338,OPEN,0.332,0.333,OPEN,0.34,0.336,40,3,0,0.22
337350424,1614,0.345,0.341,OPEN,0.321,0.33,OPEN,0.333,0.336,40,3,0,0.23
337350467,1615,0.357,0.346,OPEN,0.321,0.328,OPEN,0.339,0.337,40,3,0,0.23
337350510,1616,0.331,0.346,OPEN,0.317,0.325,OPEN,0.324,0.336,40,3,0,0.23
337350553,1617,0.346,0.345,OPEN,0.322,0.323,OPEN,0.334,0.334,40,3,0,0.23
337350598,1618,0.329,0.342,OPEN,0.322,0.321,OPEN,0.326,0.332,40,3,0,0.23
337350638,1619,0.362,0.345,OPEN,0.333,0.323,OPEN,0.348,0.334,40,3,0,0.23
337350684,1620,0.346,0.343,OPEN,0.322,0.323,OPEN,0.334,0.333,40,3,0,0.23
337350725,1621,0.311,0.339,OPEN,0.316,0.323,OPEN,0.314,0.331,40,3,0,0.23
337350771,1622,0.196,0.309,OPEN,0.241,0.307,OPEN,0.218,0.308,40,3,0,0.23
337350813,1623,0.069,0.257,OPEN,0.083,0.259,OPEN,0.076,0.258,40,3,0,0.23
337350855,1624,0.0,0.184,CLOSED,0.032,0.199,CLOSED,0.016,0.192,40,3,0,0.23
337350900,1625,0.017,0.119,CLOSED,0.0,0.134,CLOSED,0.009,0.127,40,3,0,0.23
337350942,1626,0.0,0.056,CLOSED,0.0,0.071,CLOSED,0.0,0.064,40,3,0,0.23
337350987,1627,0.016,0.02,CLOSED,0.037,0.03,CLOSED,0.026,0.025,40,3,0,0.23
337351028,1628,0.0,0.007,CLOSED,0.015,0.017,CLOSED,0.007,0.012,40,3,0,0.23
337351073,1629,0.016,0.01,CLOSED,0.032,0.017,CLOSED,0.024,0.014,40,3,0,0.23
337351115,1630,0.016,0.01,CLOSED,0.038,0.024,CLOSED,0.027,0.017,40,3,0,0.23
337351157,1631,0.04,0.018,CLOSED,0.07,0.038,CLOSED,0.055,0.028,40,3,0,0.23
337351201,1632,0.102,0.035,CLOSED,0.146,0.06,CLOSED,0.124,0.048,40,3,0,0.23
337351247,1633,0.144,0.064,CLOSED,0.192,0.096,CLOSED,0.168,0.08,40,3,0,0.23
337351287,1634,0.211,0.103,CLOSED,0.186,0.126,CLOSED,0.199,0.114,40,3,0,0.23
337351333,1635,0.238,0.147,CLOSED,0.252,0.169,CLOSED,0.245,0.158,40,3,0,0.23
337351376,1636,0.272,0.193,CLOSED,0.285,0.212,CLOSED,0.278,0.203,40,3,0,0.23
337351418,1637,0.323,0.238,OPEN,0.363,0.256,OPEN,0.343,0.247,41,3,0,0.23
337351461,1638,0.357,0.28,OPEN,0.363,0.29,OPEN,0.36,0.285,41,3,0,0.23
337351504,1639,0.34,0.306,OPEN,0.318,0.316,OPEN,0.329,0.311,41,3,0,0.23
337351549,1640,0.34,0.326,OPEN,0.317,0.329,OPEN,0.329,0.328,41,3,0,0.23
337351592,1641,0.335,0.339,OPEN,0.318,0.336,OPEN,0.327,0.338,41,3,0,0.23
337351637,1642,0.348,0.344,OPEN,0.321,0.327,OPEN,0.335,0.336,41,3,0,0.23
337351679,1643,0.334,0.339,OPEN,0.297,0.314,OPEN,0.316,0.327,41,3,0,0.23
337351720,1644,0.366,0.345,OPEN,0.302,0.311,OPEN,0.334,0.328,41,3,0,0.23
337351764,1645,0.347,0.346,OPEN,0.295,0.307,OPEN,0.321,0.327,41,3,0,0.23
337351809,1646,0.346,0.348,OPEN,0.308,0.305,OPEN,0.327,0.327,41,3,0,0.23
337351851,1647,0.337,0.346,OPEN,0.276,0.296,OPEN,0.306,0.321,41,3,0,0.23
337351893,1648,0.337,0.347,OPEN,0.299,0.296,OPEN,0.318,0.322,41,3,0,0.23
337351939,1649,0.307,0.335,OPEN,0.284,0.292,OPEN,0.295,0.314,41,3,0,0.23
337351981,1650,0.298,0.325,OPEN,0.285,0.29,OPEN,0.291,0.307,41,3,0,0.23
337352022,1651,0.324,0.321,OPEN,0.292,0.287,OPEN,0.308,0.304,41,3,0,0.23
337352070,1652,0.323,0.318,OPEN,0.295,0.291,OPEN,0.309,0.304,41,3,0,0.23
337352112,1653,0.326,0.316,OPEN,0.294,0.29,OPEN,0.31,0.303,41,3,0,0.23
337352154,1654,0.308,0.316,OPEN,0.294,0.292,OPEN,0.301,0.304,41,3,0,0.23
337352198,1655,0.29,0.314,OPEN,0.293,0.294,OPEN,0.291,0.304,41,3,0,0.23
337352241,1656,0.301,0.31,OPEN,0.285,0.292,OPEN,0.293,0.301,41,3,0,0.23
337352282,1657,0.3,0.305,OPEN,0.318,0.297,OPEN,0.309,0.301,41,3,0,0.23
337352325,1658,0.29,0.298,OPEN,0.318,0.302,OPEN,0.304,0.3,41,3,0,0.23
337352371,1659,0.306,0.297,OPEN,0.318,0.306,OPEN,0.312,0.301,41,3,0,0.23
337352414,1660,0.317,0.303,OPEN,0.318,0.311,OPEN,0.318,0.307,41,3,0,0.23
337352456,1661,0.317,0.306,OPEN,0.329,0.32,OPEN,0.323,0.313,41,3,0,0.23
337352500,1662,0.307,0.307,OPEN,0.284,0.313,OPEN,0.295,0.31,41,3,0,0.23
337352542,1663,0.336,0.317,OPEN,0.318,0.313,OPEN,0.327,0.315,41,3,0,0.23
337352588,1664,0.319,0.319,OPEN,0.293,0.308,OPEN,0.306,0.314,41,3,0,0.23
337352630,1665,0.321,0.32,OPEN,0.3,0.305,OPEN,0.31,0.312,41,3,0,0.23
337352674,1666,0.32,0.321,OPEN,0.284,0.296,OPEN,0.302,0.308,41,3,0,0.23
337352717,1667,0.333,0.326,OPEN,0.299,0.299,OPEN,0.316,0.312,41,3,0,0.23
337352760,1668,0.322,0.323,OPEN,0.31,0.297,OPEN,0.316,0.31,41,3,0,0.23
337352802,1669,0.317,0.323,OPEN,0.326,0.304,OPEN,0.322,0.314,41,3,0,0.23
337352847,1670,0.317,0.322,OPEN,0.309,0.306,OPEN,0.313,0.314,41,3,0,0.23
337352887,1671,0.335,0.325,OPEN,0.309,0.311,OPEN,0.322,0.318,41,3,0,0.23
337352932,1672,0.334,0.325,OPEN,0.292,0.309,OPEN,0.313,0.317,41,3,0,0.23
337352977,1673,0.317,0.324,OPEN,0.292,0.306,OPEN,0.304,0.315,41,3,0,0.23
337353020,1674,0.297,0.32,OPEN,0.284,0.297,OPEN,0.29,0.308,41,3,0,0.23
337353063,1675,0.055,0.268,OPEN,0.05,0.245,OPEN,0.053,0.257,41,3,0,0.23
337353103,1676,0.035,0.208,CLOSED,0.016,0.187,CLOSED,0.026,0.198,41,3,0,0.23
337353150,1677,0.0,0.141,CLOSED,0.017,0.132,CLOSED,0.009,0.137,41,3,0,0.23
337353190,1678,0.148,0.107,CLOSED,0.133,0.1,CLOSED,0.141,0.104,41,3,0,0.23
337353237,1679,0.242,0.096,CLOSED,0.2,0.083,CLOSED,0.221,0.089,41,3,0,0.23
337353279,1680,0.28,0.141,CLOSED,0.266,0.126,CLOSED,0.273,0.134,41,3,0,0.23
337353321,1681,0.315,0.197,CLOSED,0.266,0.176,CLOSED,0.29,0.186,41,3,0,0.23
337353364,1682,0.287,0.254,OPEN,0.274,0.228,CLOSED,0.28,0.241,41,3,0,0.23
337353410,1683,0.303,0.285,OPEN,0.316,0.264,OPEN,0.309,0.274,42,3,0,0.23
337353452,1684,0.322,0.301,OPEN,0.3,0.284,OPEN,0.311,0.292,42,3,0,0.23
337353497,1685,0.303,0.306,OPEN,0.284,0.288,OPEN,0.293,0.297,42,3,0,0.23
337353539,1686,0.322,0.307,OPEN,0.316,0.298,OPEN,0.319,0.302,42,3,0,0.23
337353583,1687,0.304,0.311,OPEN,0.3,0.303,OPEN,0.302,0.307,42,3,0,0.23
337353623,1688,0.287,0.308,OPEN,0.29,0.298,OPEN,0.288,0.303,42,3,0,0.23
337353667,1689,0.287,0.301,OPEN,0.3,0.298,OPEN,0.293,0.299,42,3,0,0.23
337353710,1690,0.277,0.295,OPEN,0.29,0.299,OPEN,0.283,0.297,42,3,0,0.23
337353754,1691,0.304,0.292,OPEN,0.299,0.296,OPEN,0.301,0.294,42,3,0,0.23
337353798,1692,0.288,0.289,OPEN,0.29,0.294,OPEN,0.289,0.291,42,3,0,0.23
337353841,1693,0.287,0.289,OPEN,0.306,0.297,OPEN,0.296,0.293,42,3,0,0.23
337353881,1694,0.278,0.287,OPEN,0.305,0.298,OPEN,0.291,0.292,42,3,0,0.23
337353926,1695,0.288,0.289,OPEN,0.289,0.298,OPEN,0.288,0.293,42,3,0,0.23
337353971,1696,0.306,0.289,OPEN,0.305,0.299,OPEN,0.305,0.294,42,3,0,0.23
337354011,1697,0.323,0.296,OPEN,0.315,0.304,OPEN,0.319,0.3,42,3,0,0.23
337354057,1698,0.315,0.302,OPEN,0.331,0.309,OPEN,0.323,0.305,42,3,0,0.23
337354099,1699,0.295,0.305,OPEN,0.32,0.312,OPEN,0.307,0.308,42,3,0,0.23
337354145,1700,0.298,0.307,OPEN,0.321,0.318,OPEN,0.309,0.312,42,3,0,0.23
337354185,1701,0.312,0.309,OPEN,0.305,0.318,OPEN,0.308,0.314,42,3,0,0.23
337354230,1702,0.34,0.312,OPEN,0.305,0.316,OPEN,0.323,0.314,42,3,0,0.23
337354274,1703,0.312,0.311,OPEN,0.305,0.311,OPEN,0.308,0.311,42,3,0,0.23
337354314,1704,0.322,0.317,OPEN,0.29,0.305,OPEN,0.306,0.311,42,3,0,0.23
337354357,1705,0.232,0.304,OPEN,0.25,0.291,OPEN,0.241,0.297,42,3,0,0.23
337354402,1706,0.069,0.255,OPEN,0.081,0.246,OPEN,0.075,0.251,42,3,0,0.23
337354445,1707,0.017,0.19,CLOSED,0.016,0.188,CLOSED,0.017,0.189,42,3,0,0.23
337354488,1708,0.041,0.136,CLOSED,0.031,0.134,CLOSED,0.036,0.135,42,3,0,0.23
337354533,1709,0.074,0.087,CLOSED,0.086,0.093,CLOSED,0.08,0.09,42,3,0,0.23
337354575,1710,0.148,0.07,CLOSED,0.121,0.067,CLOSED,0.135,0.069,42,3,0,0.23
337354620,1711,0.203,0.097,CLOSED,0.155,0.082,CLOSED,0.179,0.089,42,3,0,0.23
337354666,1712,0.222,0.138,CLOSED,0.224,0.123,CLOSED,0.223,0.131,42,3,0,0.23
337354706,1713,0.244,0.178,CLOSED,0.243,0.166,CLOSED,0.243,0.172,42,3,0,0.23
337354749,1714,0.28,0.219,CLOSED,0.276,0.204,CLOSED,0.278,0.211,42,3,0,0.23
337354792,1715,0.288,0.247,OPEN,0.275,0.235,OPEN,0.281,0.241,43,3,0,0.23
337354836,1716,0.305,0.268,OPEN,0.301,0.264,OPEN,0.303,0.266,43,3,0,0.23
337354880,1717,0.322,0.288,OPEN,0.284,0.276,OPEN,0.303,0.282,43,3,0,0.23
337354923,1718,0.303,0.3,OPEN,0.318,0.291,OPEN,0.31,0.295,43,3,0,0.23
337354963,1719,0.293,0.302,OPEN,0.284,0.292,OPEN,0.288,0.297,43,3,0,0.23
337355010,1720,0.32,0.309,OPEN,0.283,0.294,OPEN,0.301,0.301,43,3,0,0.23
337355053,1721,0.308,0.309,OPEN,0.301,0.294,OPEN,0.304,0.301,43,3,0,0.23
337355095,1722,0.309,0.307,OPEN,0.306,0.298,OPEN,0.307,0.302,43,3,0,0.23
337355139,1723,0.311,0.308,OPEN,0.307,0.296,OPEN,0.309,0.302,43,3,0,0.23
337355180,1724,0.3,0.31,OPEN,0.307,0.301,OPEN,0.303,0.305,43,3,0,0.23
337355224,1725,0.31,0.308,OPEN,0.285,0.301,OPEN,0.297,0.304,43,3,0,0.23
337355270,1726,0.311,0.308,OPEN,0.307,0.302,OPEN,0.309,0.305,43,3,0,0.23
337355313,1727,0.311,0.309,OPEN,0.306,0.302,OPEN,0.308,0.305,43,3,0,0.23
337355356,1728,0.312,0.309,OPEN,0.305,0.302,OPEN,0.308,0.305,43,3,0,0.23
337355398,1729,0.331,0.315,OPEN,0.306,0.302,OPEN,0.319,0.308,43,3,0,0.23
337355439,1730,0.328,0.319,OPEN,0.304,0.306,OPEN,0.316,0.312,43,3,0,0.23
337355486,1731,0.329,0.322,OPEN,0.321,0.308,OPEN,0.325,0.315,43,3,0,0.23
337355529,1732,0.362,0.332,OPEN,0.322,0.312,OPEN,0.342,0.322,43,3,0,0.23
337355572,1733,0.38,0.346,OPEN,0.337,0.318,OPEN,0.359,0.332,43,3,0,0.23
337355612,1734,0.396,0.359,OPEN,0.338,0.324,OPEN,0.367,0.342,43,3,0,0.23
337355656,1735,0.327,0.359,OPEN,0.193,0.302,OPEN,0.26,0.331,43,3,0,0.23
337355702,1736,0.292,0.351,OPEN,0.047,0.247,OPEN,0.169,0.299,43,3,0,0.23
337355745,1737,0.261,0.331,OPEN,0.016,0.186,CLOSED,0.139,0.259,43,3,0,0.23
337355786,1738,0.26,0.307,OPEN,0.0,0.119,CLOSED,0.13,0.213,43,3,1,0.23
337355831,1739,0.27,0.282,OPEN,0.0,0.051,CLOSED,0.135,0.166,43,3,1,0.23
337355875,1740,0.274,0.271,OPEN,0.016,0.016,CLOSED,0.145,0.144,43,3,1,0.23
337355916,1741,0.27,0.267,OPEN,0.0,0.006,CLOSED,0.135,0.137,43,3,1,0.23
337355961,1742,0.27,0.269,OPEN,0.0,0.003,CLOSED,0.135,0.136,43,3,1,0.23
337356004,1743,0.291,0.275,OPEN,0.067,0.017,CLOSED,0.179,0.146,43,3,1,0.23
337356048,1744,0.288,0.279,OPEN,0.172,0.051,CLOSED,0.23,0.165,43,3,1,0.23
337356090,1745,0.305,0.285,OPEN,0.241,0.096,CLOSED,0.273,0.191,43,3,1,0.23
337356130,1746,0.309,0.293,OPEN,0.265,0.149,CLOSED,0.287,0.221,43,3,1,0.23
337356176,1747,0.344,0.307,OPEN,0.325,0.214,CLOSED,0.335,0.261,43,3,1,0.23
337356219,1748,0.361,0.321,OPEN,0.314,0.263,OPEN,0.338,0.292,43,3,1,0.23
337356263,1749,0.359,0.336,OPEN,0.314,0.292,OPEN,0.337,0.314,43,3,1,0.23
337356305,1750,0.376,0.35,OPEN,0.233,0.29,OPEN,0.304,0.32,43,3,1,0.23
337356351,1751,0.312,0.35,OPEN,0.093,0.256,OPEN,0.203,0.303,43,3,1,0.23
337356394,1752,0.312,0.344,OPEN,0.016,0.194,CLOSED,0.164,0.269,43,3,1,0.23
337356437,1753,0.304,0.333,OPEN,0.022,0.136,CLOSED,0.163,0.235,43,3,2,0.23
337356480,1754,0.295,0.32,OPEN,0.016,0.076,CLOSED,0.155,0.198,43,3,2,0.23
337356523,1755,0.295,0.304,OPEN,0.022,0.034,CLOSED,0.159,0.169,43,3,2,0.23
337356564,1756,0.295,0.3,OPEN,0.0,0.015,CLOSED,0.147,0.158,43,3,2,0.23
337356610,1757,0.235,0.285,OPEN,0.0,0.012,CLOSED,0.117,0.148,43,3,2,0.23
337356652,1758,0.034,0.231,OPEN,0.032,0.014,CLOSED,0.033,0.123,43,3,2,0.23
337356697,1759,0.034,0.179,CLOSED,0.032,0.017,CLOSED,0.033,0.098,43,3,2,0.23
337356740,1760,0.024,0.124,CLOSED,0.129,0.039,CLOSED,0.076,0.082,43,3,2,0.23
337356781,1761,0.017,0.069,CLOSED,0.2,0.079,CLOSED,0.109,0.074,43,3,2,0.23
337356827,1762,0.061,0.034,CLOSED,0.225,0.124,CLOSED,0.143,0.079,43,3,2,0.23
337356869,1763,0.071,0.041,CLOSED,0.251,0.167,CLOSED,0.161,0.104,43,3,2,0.23
337356912,1764,0.069,0.048,CLOSED,0.246,0.21,CLOSED,0.158,0.129,43,3,2,0.23
337356954,1765,0.08,0.06,CLOSED,0.242,0.233,OPEN,0.161,0.147,43,3,2,0.23
337356997,1766,0.08,0.072,CLOSED,0.274,0.248,OPEN,0.177,0.16,43,3,2,0.23
337357039,1767,0.071,0.074,CLOSED,0.277,0.258,OPEN,0.174,0.166,43,3,2,0.23
337357085,1768,0.093,0.079,CLOSED,0.265,0.261,OPEN,0.179,0.17,43,3,2,0.23
337357127,1769,0.092,0.083,CLOSED,0.258,0.263,OPEN,0.175,0.173,43,3,2,0.23
337357173,1770,0.0,0.067,CLOSED,0.038,0.222,CLOSED,0.019,0.145,43,3,2,0.23
337357214,1771,0.017,0.055,CLOSED,0.022,0.172,CLOSED,0.019,0.113,43,3,2,0.23
337357259,1772,0.0,0.04,CLOSED,0.022,0.121,CLOSED,0.011,0.081,43,3,2,0.23
337357302,1773,0.145,0.051,CLOSED,0.065,0.081,CLOSED,0.105,0.066,43,3,2,0.23
337357342,1774,0.242,0.081,CLOSED,0.168,0.063,CLOSED,0.205,0.072,43,3,2,0.23
337357388,1775,0.287,0.138,CLOSED,0.268,0.109,CLOSED,0.277,0.123,43,3,2,0.23
337357430,1776,0.304,0.196,CLOSED,0.266,0.158,CLOSED,0.285,0.177,43,3,2,0.23
337357473,1777,0.305,0.257,OPEN,0.283,0.21,CLOSED,0.294,0.233,44,3,2,0.23
337357517,1778,0.317,0.291,OPEN,0.299,0.257,OPEN,0.308,0.274,44,3,2,0.23
337357561,1779,0.317,0.306,OPEN,0.299,0.283,OPEN,0.308,0.294,44,3,2,0.23
337357603,1780,0.288,0.306,OPEN,0.265,0.282,OPEN,0.276,0.294,44,3,2,0.23
337357645,1781,0.288,0.303,OPEN,0.282,0.286,OPEN,0.285,0.294,44,3,2,0.23
337357690,1782,0.287,0.299,OPEN,0.282,0.285,OPEN,0.284,0.292,44,3,2,0.23
337357733,1783,0.287,0.293,OPEN,0.283,0.282,OPEN,0.285,0.287,44,3,2,0.23
337357779,1784,0.288,0.288,OPEN,0.283,0.279,OPEN,0.285,0.283,44,3,2,0.23
337357821,1785,0.305,0.291,OPEN,0.282,0.282,OPEN,0.293,0.286,44,3,2,0.23
337357864,1786,0.309,0.295,OPEN,0.282,0.282,OPEN,0.295,0.288,44,3,2,0.23
337357909,1787,0.305,0.299,OPEN,0.284,0.283,OPEN,0.294,0.291,44,3,2,0.23
337357951,1788,0.308,0.303,OPEN,0.315,0.289,OPEN,0.311,0.296,44,3,2,0.23
337357993,1789,0.326,0.311,OPEN,0.315,0.296,OPEN,0.321,0.303,44,3,2,0.23
337358035,1790,0.326,0.315,OPEN,0.315,0.302,OPEN,0.321,0.308,44,3,2,0.23
337358078,1791,0.309,0.315,OPEN,0.314,0.309,OPEN,0.311,0.312,44,3,2,0.23
337358124,1792,0.309,0.316,OPEN,0.314,0.315,OPEN,0.311,0.316,44,3,2,0.23
337358166,1793,0.309,0.316,OPEN,0.314,0.314,OPEN,0.311,0.315,44,3,2,0.23
337358211,1794,0.309,0.312,OPEN,0.314,0.314,OPEN,0.311,0.313,44,3,2,0.23
337358252,1795,0.326,0.312,OPEN,0.315,0.314,OPEN,0.321,0.313,44,3,2,0.23
337358297,1796,0.326,0.316,OPEN,0.315,0.314,OPEN,0.321,0.315,44,3,2,0.23
337358339,1797,0.335,0.321,OPEN,0.315,0.315,OPEN,0.325,0.318,44,3,2,0.23
337358383,1798,0.341,0.327,OPEN,0.315,0.315,OPEN,0.328,0.321,44,3,2,0.23
337358424,1799,0.341,0.334,OPEN,0.315,0.315,OPEN,0.328,0.325,44,3,2,0.23
337358468,1800,0.341,0.337,OPEN,0.317,0.315,OPEN,0.329,0.326,44,3,2,0.23
337358512,1801,0.322,0.336,OPEN,0.316,0.316,OPEN,0.319,0.326,44,3,2,0.23
337358555,1802,0.323,0.334,OPEN,0.305,0.314,OPEN,0.314,0.324,44,3,2,0.23
337358600,1803,0.344,0.334,OPEN,0.33,0.317,OPEN,0.337,0.326,44,3,2,0.23
337358643,1804,0.354,0.337,OPEN,0.33,0.32,OPEN,0.342,0.329,44,3,2,0.23
337358685,1805,0.322,0.333,OPEN,0.297,0.316,OPEN,0.309,0.325,44,3,2,0.23
337358725,1806,0.341,0.337,OPEN,0.314,0.315,OPEN,0.328,0.326,44,3,2,0.23
337358773,1807,0.341,0.34,OPEN,0.305,0.315,OPEN,0.323,0.328,44,3,2,0.23
337358813,1808,0.341,0.34,OPEN,0.316,0.312,OPEN,0.329,0.326,44,3,2,0.23
337358856,1809,0.323,0.334,OPEN,0.297,0.306,OPEN,0.31,0.32,44,3,2,0.23
337358902,1810,0.341,0.337,OPEN,0.288,0.304,OPEN,0.315,0.321,44,3,2,0.23
337358943,1811,0.34,0.337,OPEN,0.297,0.301,OPEN,0.319,0.319,44,3,2,0.23
337358989,1812,0.323,0.334,OPEN,0.315,0.303,OPEN,0.319,0.319,44,3,2,0.23
337359033,1813,0.323,0.33,OPEN,0.315,0.302,OPEN,0.319,0.316,44,3,2,0.23
337359075,1814,0.322,0.33,OPEN,0.315,0.306,OPEN,0.319,0.318,44,3,2,0.23
337359117,1815,0.305,0.323,OPEN,0.316,0.312,OPEN,0.31,0.318,44,3,2,0.23
337359160,1816,0.306,0.316,OPEN,0.326,0.317,OPEN,0.316,0.317,44,3,2,0.23
337359204,1817,0.335,0.318,OPEN,0.292,0.313,OPEN,0.314,0.316,44,3,2,0.23
337359246,1818,0.321,0.318,OPEN,0.307,0.311,OPEN,0.314,0.315,44,3,2,0.23
337359292,1819,0.317,0.317,OPEN,0.309,0.31,OPEN,0.313,0.314,44,3,2,0.23
337359334,1820,0.335,0.323,OPEN,0.327,0.312,OPEN,0.331,0.318,44,3,2,0.23
337359379,1821,0.317,0.325,OPEN,0.326,0.312,OPEN,0.322,0.319,44,3,2,0.23
337359420,1822,0.317,0.321,OPEN,0.327,0.319,OPEN,0.322,0.32,44,3,2,0.23
337359465,1823,0.347,0.327,OPEN,0.309,0.32,OPEN,0.328,0.324,44,3,2,0.23
337359505,1824,0.328,0.329,OPEN,0.309,0.32,OPEN,0.319,0.325,44,3,2,0.23
337359551,1825,0.055,0.273,OPEN,0.069,0.268,OPEN,0.062,0.271,44,3,2,0.23
337359594,1826,0.018,0.213,CLOSED,0.017,0.206,CLOSED,0.018,0.209,44,3,2,0.23
337359637,1827,0.055,0.161,CLOSED,0.05,0.151,CLOSED,0.053,0.156,44,3,2,0.23
337359681,1828,0.076,0.106,CLOSED,0.087,0.106,CLOSED,0.081,0.106,44,3,2,0.23
337359722,1829,0.073,0.055,CLOSED,0.073,0.059,CLOSED,0.073,0.057,44,3,2,0.23
337359765,1830,0.059,0.056,CLOSED,0.042,0.054,CLOSED,0.051,0.055,44,3,2,0.23
337359808,1831,0.037,0.06,CLOSED,0.042,0.059,CLOSED,0.04,0.059,44,3,2,0.23
337359854,1832,0.036,0.056,CLOSED,0.042,0.057,CLOSED,0.039,0.057,44,3,2,0.23
337359895,1833,0.036,0.048,CLOSED,0.042,0.048,CLOSED,0.039,0.048,44,3,2,0.23
337359941,1834,0.018,0.037,CLOSED,0.042,0.042,CLOSED,0.03,0.04,44,3,2,0.23
337359981,1835,0.036,0.033,CLOSED,0.042,0.042,CLOSED,0.039,0.038,44,3,2,0.23
337360027,1836,0.036,0.032,CLOSED,0.04,0.042,CLOSED,0.038,0.037,44,3,2,0.23
337360068,1837,0.036,0.032,CLOSED,0.055,0.044,CLOSED,0.045,0.038,44,3,2,0.23
337360113,1838,0.043,0.034,CLOSED,0.039,0.044,CLOSED,0.041,0.039,44,3,2,0.23
337360157,1839,0.0,0.03,CLOSED,0.017,0.039,CLOSED,0.009,0.035,44,3,2,0.23
337360198,1840,0.078,0.039,CLOSED,0.086,0.047,CLOSED,0.082,0.043,44,3,2,0.23
337360244,1841,0.138,0.059,CLOSED,0.161,0.072,CLOSED,0.15,0.066,44,3,2,0.23
337360287,1842,0.173,0.086,CLOSED,0.214,0.103,CLOSED,0.194,0.095,44,3,2,0.23
337360328,1843,0.215,0.121,CLOSED,0.214,0.138,CLOSED,0.214,0.13,44,3,2,0.23
337360372,1844,0.205,0.162,CLOSED,0.249,0.185,CLOSED,0.227,0.173,44,3,2,0.23
337360412,1845,0.253,0.197,CLOSED,0.249,0.217,CLOSED,0.251,0.207,44,3,2,0.23
337360458,1846,0.271,0.223,CLOSED,0.284,0.242,OPEN,0.277,0.232,44,3,2,0.23
337360500,1847,0.29,0.247,OPEN,0.285,0.256,OPEN,0.287,0.252,45,3,2,0.23
337360544,1848,0.29,0.262,OPEN,0.284,0.27,OPEN,0.287,0.266,45,3,2,0.23
337360586,1849,0.279,0.277,OPEN,0.302,0.281,OPEN,0.29,0.279,45,3,2,0.23
337360631,1850,0.28,0.282,OPEN,0.292,0.289,OPEN,0.286,0.285,45,3,2,0.23
337360676,1851,0.28,0.284,OPEN,0.293,0.291,OPEN,0.286,0.287,45,3,2,0.23
337360718,1852,0.298,0.285,OPEN,0.292,0.293,OPEN,0.295,0.289,45,3,2,0.23
337360759,1853,0.298,0.287,OPEN,0.292,0.294,OPEN,0.295,0.29,45,3,2,0.23
337360806,1854,0.317,0.295,OPEN,0.282,0.29,OPEN,0.299,0.292,45,3,2,0.23
337360849,1855,0.317,0.302,OPEN,0.282,0.288,OPEN,0.299,0.295,45,3,2,0.23
337360890,1856,0.304,0.307,OPEN,0.3,0.29,OPEN,0.302,0.298,45,3,2,0.23
337360936,1857,0.296,0.306,OPEN,0.266,0.284,OPEN,0.281,0.295,45,3,2,0.23
337360977,1858,0.297,0.306,OPEN,0.266,0.279,OPEN,0.281,0.292,45,3,2,0.23
337361022,1859,0.297,0.302,OPEN,0.283,0.279,OPEN,0.29,0.29,45,3,2,0.23
337361065,1860,0.297,0.298,OPEN,0.266,0.276,OPEN,0.281,0.287,45,3,2,0.23
337361107,1861,0.269,0.291,OPEN,0.135,0.243,OPEN,0.202,0.267,45,3,2,0.23
337361149,1862,0.279,0.288,OPEN,0.032,0.196,CLOSED,0.156,0.242,45,3,2,0.23
337361194,1863,0.26,0.28,OPEN,0.0,0.143,CLOSED,0.13,0.212,45,3,3,0.23
337361240,1864,0.242,0.269,OPEN,0.0,0.087,CLOSED,0.121,0.178,45,3,3,0.23
337361280,1865,0.241,0.258,OPEN,0.0,0.033,CLOSED,0.12,0.146,45,3,3,0.23
337361326,1866,0.224,0.249,OPEN,0.0,0.006,CLOSED,0.112,0.128,45,3,3,0.23
337361367,1867,0.224,0.238,OPEN,0.0,0.0,CLOSED,0.112,0.119,45,3,3,0.23
337361411,1868,0.225,0.231,OPEN,0.0,0.0,CLOSED,0.113,0.116,45,3,3,0.23
337361455,1869,0.217,0.226,CLOSED,0.0,0.0,CLOSED,0.108,0.113,45,3,3,0.23
337361499,1870,0.217,0.221,CLOSED,0.0,0.0,CLOSED,0.108,0.111,45,3,3,0.23
337361542,1871,0.217,0.22,CLOSED,0.0,0.0,CLOSED,0.108,0.11,45,3,3,0.23
337361583,1872,0.217,0.219,CLOSED,0.0,0.0,CLOSED,0.108,0.11,45,3,3,0.23
337361628,1873,0.235,0.221,CLOSED,0.016,0.003,CLOSED,0.126,0.112,45,3,3,0.23
337361670,1874,0.235,0.224,CLOSED,0.0,0.003,CLOSED,0.117,0.114,45,3,3,0.23
337361713,1875,0.242,0.229,CLOSED,0.0,0.003,CLOSED,0.121,0.116,45,3,3,0.23
337361755,1876,0.241,0.234,OPEN,0.039,0.011,CLOSED,0.14,0.123,46,3,3,0.23
337361801,1877,0.224,0.235,OPEN,0.086,0.028,CLOSED,0.155,0.132,46,3,3,0.23
337361845,1878,0.224,0.233,OPEN,0.167,0.058,CLOSED,0.196,0.146,46,3,3,0.23
337361886,1879,0.224,0.231,OPEN,0.206,0.1,CLOSED,0.215,0.166,46,3,3,0.23
337361930,1880,0.242,0.231,OPEN,0.241,0.148,CLOSED,0.241,0.19,46,3,3,0.23
337361972,1881,0.242,0.231,OPEN,0.258,0.192,CLOSED,0.25,0.212,46,3,3,0.23
337362017,1882,0.261,0.239,OPEN,0.275,0.229,CLOSED,0.268,0.234,46,3,3,0.23
337362059,1883,0.262,0.246,OPEN,0.292,0.254,OPEN,0.277,0.25,46,3,3,0.23
337362103,1884,0.109,0.223,CLOSED,0.267,0.267,OPEN,0.188,0.245,46,3,3,0.23
337362146,1885,0.077,0.19,CLOSED,0.251,0.269,OPEN,0.164,0.23,46,4,3,0.23
337362190,1886,0.05,0.152,CLOSED,0.252,0.267,OPEN,0.151,0.21,46,4,3,0.23
337362233,1887,0.065,0.113,CLOSED,0.267,0.266,OPEN,0.166,0.19,46,4,3,0.23
337362275,1888,0.065,0.073,CLOSED,0.267,0.261,OPEN,0.166,0.167,46,4,3,0.23
337362319,1889,0.065,0.064,CLOSED,0.267,0.261,OPEN,0.166,0.163,46,4,3,0.23
337362361,1890,0.065,0.062,CLOSED,0.267,0.264,OPEN,0.166,0.163,46,4,3,0.23
337362407,1891,0.05,0.062,CLOSED,0.284,0.27,OPEN,0.167,0.166,46,4,3,0.23
337362447,1892,0.037,0.056,CLOSED,0.286,0.274,OPEN,0.161,0.165,46,4,3,0.23
337362494,1893,0.037,0.051,CLOSED,0.274,0.276,OPEN,0.155,0.164,46,4,3,0.23
337362536,1894,0.037,0.045,CLOSED,0.284,0.279,OPEN,0.16,0.162,46,4,3,0.23
337362579,1895,0.045,0.041,CLOSED,0.267,0.279,OPEN,0.156,0.16,46,4,3,0.23
337362623,1896,0.045,0.04,CLOSED,0.267,0.276,OPEN,0.156,0.158,46,4,3,0.23
337362664,1897,0.06,0.045,CLOSED,0.267,0.272,OPEN,0.164,0.159,46,4,3,0.23
337362709,1898,0.065,0.05,CLOSED,0.267,0.27,OPEN,0.166,0.16,46,4,3,0.23
337362750,1899,0.068,0.057,CLOSED,0.241,0.262,OPEN,0.154,0.16,46,4,3,0.23
337362797,1900,0.05,0.058,CLOSED,0.039,0.216,CLOSED,0.044,0.137,46,4,3,0.23
337362837,1901,0.018,0.052,CLOSED,0.016,0.166,CLOSED,0.017,0.109,46,4,3,0.23
337362883,1902,0.036,0.047,CLOSED,0.016,0.116,CLOSED,0.026,0.082,46,4,3,0.23
337362924,1903,0.148,0.064,CLOSED,0.1,0.082,CLOSED,0.124,0.073,46,4,3,0.23
337362969,1904,0.185,0.087,CLOSED,0.133,0.061,CLOSED,0.159,0.074,46,4,3,0.23
337363010,1905,0.242,0.126,CLOSED,0.167,0.086,CLOSED,0.205,0.106,46,4,3,0.23
337363056,1906,0.242,0.171,CLOSED,0.217,0.127,CLOSED,0.229,0.149,46,4,3,0.23
337363098,1907,0.244,0.212,CLOSED,0.217,0.167,CLOSED,0.23,0.19,46,4,3,0.23
337363140,1908,0.244,0.231,OPEN,0.251,0.197,CLOSED,0.247,0.214,47,4,3,0.23
337363182,1909,0.262,0.247,OPEN,0.267,0.224,CLOSED,0.265,0.235,47,4,3,0.23
337363228,1910,0.262,0.251,OPEN,0.266,0.244,OPEN,0.264,0.247,47,4,3,0.23
337363271,1911,0.28,0.258,OPEN,0.265,0.253,OPEN,0.273,0.256,47,4,3,0.23
337363314,1912,0.299,0.269,OPEN,0.274,0.265,OPEN,0.286,0.267,47,4,3,0.23
337363357,1913,0.299,0.28,OPEN,0.265,0.267,OPEN,0.282,0.274,47,4,3,0.23
337363401,1914,0.317,0.291,OPEN,0.282,0.27,OPEN,0.299,0.28,47,4,3,0.23
337363442,1915,0.317,0.302,OPEN,0.282,0.274,OPEN,0.299,0.288,47,4,3,0.23
337363488,1916,0.317,0.31,OPEN,0.282,0.277,OPEN,0.299,0.293,47,4,3,0.23
337363527,1917,0.317,0.313,OPEN,0.299,0.282,OPEN,0.308,0.297,47,4,3,0.23
337363572,1918,0.335,0.321,OPEN,0.299,0.289,OPEN,0.317,0.305,47,4,3,0.23
337363618,1919,0.335,0.324,OPEN,0.299,0.292,OPEN,0.317,0.308,47,4,3,0.23
337363660,1920,0.317,0.324,OPEN,0.315,0.299,OPEN,0.316,0.311,47,4,3,0.23
337363704,1921,0.335,0.328,OPEN,0.299,0.302,OPEN,0.317,0.315,47,4,3,0.23
337363745,1922,0.335,0.331,OPEN,0.299,0.302,OPEN,0.317,0.317,47,4,3,0.23
337363791,1923,0.335,0.331,OPEN,0.299,0.302,OPEN,0.317,0.317,47,4,3,0.23
337363831,1924,0.335,0.331,OPEN,0.299,0.302,OPEN,0.317,0.317,47,4,3,0.23
337363876,1925,0.305,0.329,OPEN,0.299,0.299,OPEN,0.302,0.314,47,4,3,0.23
337363918,1926,0.304,0.323,OPEN,0.315,0.302,OPEN,0.309,0.312,47,4,3,0.23
337363960,1927,0.323,0.32,OPEN,0.305,0.303,OPEN,0.314,0.311,47,4,3,0.23
337364006,1928,0.335,0.32,OPEN,0.305,0.305,OPEN,0.32,0.312,47,4,3,0.23
337364050,1929,0.323,0.318,OPEN,0.315,0.308,OPEN,0.319,0.313,47,4,3,0.23
337364091,1930,0.323,0.322,OPEN,0.315,0.311,OPEN,0.319,0.317,47,4,3,0.23
337364137,1931,0.323,0.325,OPEN,0.299,0.308,OPEN,0.311,0.317,47,4,3,0.23
337364178,1932,0.323,0.325,OPEN,0.299,0.307,OPEN,0.311,0.316,47,4,3,0.23
337364223,1933,0.323,0.323,OPEN,0.299,0.305,OPEN,0.311,0.314,47,4,3,0.23
337364264,1934,0.323,0.323,OPEN,0.315,0.305,OPEN,0.319,0.314,47,4,3,0.23
337364310,1935,0.323,0.323,OPEN,0.315,0.305,OPEN,0.319,0.314,47,4,3,0.23
337364353,1936,0.341,0.327,OPEN,0.315,0.309,OPEN,0.328,0.318,47,4,3,0.23
337364394,1937,0.341,0.33,OPEN,0.299,0.309,OPEN,0.32,0.32,47,4,3,0.23
337364436,1938,0.311,0.328,OPEN,0.289,0.307,OPEN,0.3,0.318,47,4,3,0.23
337364481,1939,0.309,0.325,OPEN,0.305,0.305,OPEN,0.307,0.315,47,4,3,0.23
337364526,1940,0.341,0.329,OPEN,0.315,0.305,OPEN,0.328,0.317,47,4,3,0.23
337364569,1941,0.309,0.322,OPEN,0.315,0.305,OPEN,0.312,0.314,47,4,3,0.23
337364611,1942,0.323,0.319,OPEN,0.315,0.308,OPEN,0.319,0.314,47,4,3,0.23
337364656,1943,0.299,0.316,OPEN,0.326,0.315,OPEN,0.312,0.316,47,4,3,0.23
337364696,1944,0.272,0.309,OPEN,0.293,0.313,OPEN,0.282,0.311,47,4,3,0.23
337364738,1945,0.233,0.287,OPEN,0.257,0.301,OPEN,0.245,0.294,47,4,3,0.23
337364785,1946,0.233,0.272,OPEN,0.243,0.287,OPEN,0.238,0.279,47,4,3,0.23
337364828,1947,0.252,0.258,OPEN,0.239,0.272,OPEN,0.245,0.265,47,4,3,0.23
337364869,1948,0.243,0.247,OPEN,0.232,0.253,OPEN,0.237,0.25,47,4,3,0.23
337364915,1949,0.265,0.245,OPEN,0.24,0.242,OPEN,0.253,0.243,47,4,3,0.23
337364957,1950,0.261,0.251,OPEN,0.273,0.245,OPEN,0.267,0.248,47,4,3,0.23
337365001,1951,0.271,0.258,OPEN,0.274,0.252,OPEN,0.273,0.255,47,4,3,0.23
337365042,1952,0.133,0.235,OPEN,0.19,0.242,OPEN,0.162,0.238,47,4,3,0.23
337365084,1953,0.036,0.193,CLOSED,0.024,0.2,CLOSED,0.03,0.197,47,4,3,0.23
337365130,1954,0.018,0.144,CLOSED,0.0,0.152,CLOSED,0.009,0.148,47,4,3,0.23
337365171,1955,0.044,0.1,CLOSED,0.017,0.101,CLOSED,0.03,0.101,47,4,3,0.23
337365218,1956,0.109,0.068,CLOSED,0.1,0.066,CLOSED,0.105,0.067,47,4,3,0.23
337365261,1957,0.184,0.078,CLOSED,0.151,0.058,CLOSED,0.167,0.068,47,4,3,0.23
337365303,1958,0.222,0.115,CLOSED,0.2,0.094,CLOSED,0.211,0.105,47,4,3,0.23
337365345,1959,0.265,0.165,CLOSED,0.231,0.14,CLOSED,0.248,0.153,47,4,3,0.23
337365386,1960,0.286,0.213,CLOSED,0.248,0.186,CLOSED,0.267,0.2,47,4,3,0.23
337365433,1961,0.29,0.249,OPEN,0.265,0.219,CLOSED,0.277,0.234,48,4,3,0.23
337365474,1962,0.305,0.274,OPEN,0.248,0.238,OPEN,0.276,0.256,48,4,3,0.23
337365521,1963,0.298,0.289,OPEN,0.282,0.255,OPEN,0.29,0.272,48,4,3,0.23
337365564,1964,0.323,0.3,OPEN,0.281,0.265,OPEN,0.302,0.282,48,4,3,0.23
337365607,1965,0.295,0.302,OPEN,0.316,0.278,OPEN,0.305,0.29,48,4,3,0.23
337365649,1966,0.295,0.303,OPEN,0.281,0.282,OPEN,0.288,0.292,48,4,3,0.23
337365694,1967,0.312,0.305,OPEN,0.282,0.288,OPEN,0.297,0.296,48,4,3,0.23
337365737,1968,0.301,0.305,OPEN,0.264,0.285,OPEN,0.282,0.295,48,4,3,0.23
337365779,1969,0.32,0.305,OPEN,0.289,0.286,OPEN,0.304,0.295,48,4,3,0.23
337365824,1970,0.317,0.309,OPEN,0.305,0.284,OPEN,0.311,0.296,48,4,3,0.23
337365867,1971,0.318,0.314,OPEN,0.336,0.295,OPEN,0.327,0.304,48,4,3,0.23
337365908,1972,0.308,0.313,OPEN,0.338,0.306,OPEN,0.323,0.309,48,4,3,0.23
337365954,1973,0.317,0.316,OPEN,0.323,0.318,OPEN,0.32,0.317,48,4,3,0.23
337365995,1974,0.341,0.32,OPEN,0.337,0.328,OPEN,0.339,0.324,48,4,3,0.23
337366040,1975,0.344,0.326,OPEN,0.333,0.333,OPEN,0.339,0.33,48,4,3,0.23
337366082,1976,0.34,0.33,OPEN,0.327,0.332,OPEN,0.334,0.331,48,4,3,0.23
337366126,1977,0.33,0.334,OPEN,0.32,0.328,OPEN,0.325,0.331,48,4,3,0.23
337366168,1978,0.3,0.331,OPEN,0.318,0.327,OPEN,0.309,0.329,48,4,3,0.23
337366214,1979,0.312,0.325,OPEN,0.328,0.325,OPEN,0.32,0.325,48,4,3,0.23
337366256,1980,0.292,0.315,OPEN,0.32,0.323,OPEN,0.306,0.319,48,4,3,0.23
337366298,1981,0.317,0.31,OPEN,0.328,0.323,OPEN,0.323,0.317,48,4,3,0.23
337366340,1982,0.315,0.307,OPEN,0.331,0.325,OPEN,0.323,0.316,48,4,3,0.23
337366386,1983,0.306,0.308,OPEN,0.331,0.328,OPEN,0.319,0.318,48,4,3,0.23
337366428,1984,0.339,0.314,OPEN,0.33,0.328,OPEN,0.335,0.321,48,4,3,0.23
337366471,1985,0.337,0.323,OPEN,0.328,0.33,OPEN,0.333,0.327,48,4,3,0.23
337366515,1986,0.337,0.327,OPEN,0.343,0.333,OPEN,0.34,0.33,48,4,3,0.23
337366558,1987,0.323,0.328,OPEN,0.328,0.332,OPEN,0.326,0.33,48,4,3,0.23
337366602,1988,0.313,0.33,OPEN,0.341,0.334,OPEN,0.327,0.332,48,4,3,0.23
337366643,1989,0.217,0.305,OPEN,0.21,0.31,OPEN,0.213,0.307,48,4,3,0.23
337366689,1990,0.015,0.241,OPEN,0.03,0.25,OPEN,0.022,0.245,48,4,3,0.23
337366730,1991,0.043,0.182,CLOSED,0.029,0.188,CLOSED,0.036,0.185,48,4,3,0.23
337366773,1992,0.074,0.132,CLOSED,0.158,0.154,CLOSED,0.116,0.143,48,4,3,0.23
337366818,1993,0.203,0.11,CLOSED,0.241,0.134,CLOSED,0.222,0.122,48,4,3,0.23
337366860,1994,0.275,0.122,CLOSED,0.288,0.149,CLOSED,0.281,0.136,48,4,3,0.23
337366905,1995,0.291,0.177,CLOSED,0.314,0.206,CLOSED,0.302,0.192,48,4,3,0.23
337366947,1996,0.307,0.23,OPEN,0.287,0.258,OPEN,0.297,0.244,49,4,3,0.23
337366993,1997,0.321,0.279,OPEN,0.303,0.287,OPEN,0.312,0.283,49,4,3,0.23
337367032,1998,0.307,0.3,OPEN,0.312,0.301,OPEN,0.309,0.3,49,4,3,0.23
337367076,1999,0.318,0.309,OPEN,0.281,0.299,OPEN,0.299,0.304,49,4,3,0.23
337367120,2000,0.315,0.314,OPEN,0.296,0.296,OPEN,0.305,0.305,49,4,3,0.23
337367164,2001,0.326,0.317,OPEN,0.287,0.296,OPEN,0.306,0.306,49,4,3,0.23
337367207,2002,0.323,0.318,OPEN,0.303,0.296,OPEN,0.313,0.307,49,4,3,0.23
337367251,2003,0.323,0.321,OPEN,0.315,0.296,OPEN,0.319,0.308,49,4,3,0.23
337367291,2004,0.304,0.318,OPEN,0.326,0.305,OPEN,0.315,0.311,49,4,3,0.23
337367333,2005,0.34,0.323,OPEN,0.338,0.314,OPEN,0.339,0.319,49,4,3,0.23
337367380,2006,0.312,0.32,OPEN,0.327,0.322,OPEN,0.32,0.321,49,4,3,0.23
337367421,2007,0.323,0.32,OPEN,0.32,0.325,OPEN,0.322,0.323,49,4,3,0.23
337367465,2008,0.341,0.324,OPEN,0.326,0.327,OPEN,0.334,0.326,49,4,3,0.23
337367510,2009,0.341,0.331,OPEN,0.326,0.327,OPEN,0.334,0.329,49,4,3,0.23
337367551,2010,0.341,0.332,OPEN,0.326,0.325,OPEN,0.334,0.329,49,4,3,0.23
337367594,2011,0.358,0.341,OPEN,0.342,0.328,OPEN,0.35,0.335,49,4,3,0.23
337367640,2012,0.322,0.341,OPEN,0.309,0.326,OPEN,0.316,0.334,49,4,3,0.23
337367681,2013,0.34,0.34,OPEN,0.317,0.324,OPEN,0.329,0.332,49,4,3,0.23
337367725,2014,0.322,0.337,OPEN,0.315,0.322,OPEN,0.319,0.33,49,4,3,0.23
337367767,2015,0.304,0.329,OPEN,0.326,0.322,OPEN,0.315,0.326,49,4,3,0.23
337367811,2016,0.323,0.322,OPEN,0.316,0.317,OPEN,0.32,0.32,49,4,3,0.23
337367852,2017,0.323,0.322,OPEN,0.326,0.32,OPEN,0.325,0.321,49,4,3,0.23
337367897,2018,0.339,0.322,OPEN,0.327,0.322,OPEN,0.333,0.322,49,4,3,0.23
337367939,2019,0.311,0.32,OPEN,0.327,0.324,OPEN,0.319,0.322,49,4,3,0.23
337367984,2020,0.321,0.323,OPEN,0.318,0.323,OPEN,0.32,0.323,49,4,3,0.23
337368027,2021,0.309,0.321,OPEN,0.333,0.326,OPEN,0.321,0.324,49,4,3,0.23
337368073,2022,0.31,0.318,OPEN,0.332,0.327,OPEN,0.321,0.323,49,4,3,0.23
337368116,2023,0.337,0.318,OPEN,0.334,0.329,OPEN,0.336,0.324,49,4,3,0.23
337368158,2024,0.337,0.323,OPEN,0.329,0.329,OPEN,0.333,0.326,49,4,3,0.23
337368203,2025,0.301,0.319,OPEN,0.27,0.32,OPEN,0.285,0.32,49,4,3,0.23
337368243,2026,0.086,0.274,OPEN,0.122,0.277,OPEN,0.104,0.276,49,4,3,0.23
337368289,2027,0.064,0.225,CLOSED,0.086,0.228,CLOSED,0.075,0.227,49,4,3,0.23
337368329,2028,0.133,0.184,CLOSED,0.123,0.186,CLOSED,0.128,0.185,49,4,3,0.23
337368374,2029,0.174,0.152,CLOSED,0.174,0.155,CLOSED,0.174,0.153,49,4,3,0.23
337368419,2030,0.172,0.126,CLOSED,0.174,0.136,CLOSED,0.173,0.131,49,4,3,0.23
337368462,2031,0.172,0.143,CLOSED,0.174,0.146,CLOSED,0.173,0.144,49,4,3,0.23
337368503,2032,0.214,0.173,CLOSED,0.186,0.166,CLOSED,0.2,0.169,49,4,3,0.23
337368549,2033,0.189,0.184,CLOSED,0.185,0.179,CLOSED,0.187,0.181,49,4,3,0.23
337368592,2034,0.174,0.184,CLOSED,0.175,0.179,CLOSED,0.174,0.181,49,4,3,0.23
337368636,2035,0.135,0.177,CLOSED,0.115,0.167,CLOSED,0.125,0.172,49,4,3,0.23
337368678,2036,0.068,0.156,CLOSED,0.047,0.142,CLOSED,0.058,0.149,49,4,3,0.23
337368724,2037,0.039,0.121,CLOSED,0.016,0.108,CLOSED,0.028,0.114,49,4,3,0.23
337368765,2038,0.138,0.111,CLOSED,0.129,0.096,CLOSED,0.134,0.104,49,4,3,0.23
337368808,2039,0.207,0.117,CLOSED,0.191,0.1,CLOSED,0.199,0.109,49,4,3,0.23
337368850,2040,0.25,0.14,CLOSED,0.227,0.122,CLOSED,0.238,0.131,49,4,3,0.23
337368893,2041,0.275,0.182,CLOSED,0.26,0.165,CLOSED,0.268,0.173,49,4,3,0.23
337368937,2042,0.274,0.229,CLOSED,0.267,0.215,CLOSED,0.271,0.222,49,4,3,0.23
